script,writer_id,writer_key,image_path,file_name,is_genuine,sample_index,split
bengali,1,bengali_001,BHSig260-Bengali/BHSig260-Bengali/1/B-S-1-G-01.tif,B-S-1-G-01.tif,1,1,test
bengali,1,bengali_001,BHSig260-Bengali/BHSig260-Bengali/1/B-S-1-G-02.tif,B-S-1-G-02.tif,1,2,test
bengali,1,bengali_001,BHSig260-Bengali/BHSig260-Bengali/1/B-S-1-G-03.tif,B-S-1-G-03.tif,1,3,test
bengali,1,bengali_001,BHSig260-Bengali/BHSig260-Bengali/1/B-S-1-G-04.tif,B-S-1-G-04.tif,1,4,test
bengali,1,bengali_001,BHSig260-Bengali/BHSig260-Bengali/1/B-S-1-G-05.tif,B-S-1-G-05.tif,1,5,test
bengali,1,bengali_001,BHSig260-Bengali/BHSig260-Bengali/1/B-S-1-G-06.tif,B-S-1-G-06.tif,1,6,test
bengali,1,bengali_001,BHSig260-Bengali/BHSig260-Bengali/1/B-S-1-G-07.tif,B-S-1-G-07.tif,1,7,test
bengali,1,bengali_001,BHSig260-Bengali/BHSig260-Bengali/1/B-S-1-G-08.tif,B-S-1-G-08.tif,1,8,test
bengali,1,bengali_001,BHSig260-Bengali/BHSig260-Bengali/1/B-S-1-G-09.tif,B-S-1-G-09.tif,1,9,test
bengali,1,bengali_001,BHSig260-Bengali/BHSig260-Bengali/1/B-S-1-G-10.tif,B-S-1-G-10.tif,1,10,test
bengali,1,bengali_001,BHSig260-Bengali/BHSig260-Bengali/1/B-S-1-F-01.tif,B-S-1-F-01.tif,0,1,test
bengali,1,bengali_001,BHSig260-Bengali/BHSig260-Bengali/1/B-S-1-F-02.tif,B-S-1-F-02.tif,0,2,test
bengali,1,bengali_001,BHSig260-Bengali/BHSig260-Bengali/1/B-S-1-F-03.tif,B-S-1-F-03.tif,0,3,test
bengali,1,bengali_001,BHSig260-Bengali/BHSig260-Bengali/1/B-S-1-F-04.tif,B-S-1-F-04.tif,0,4,test
bengali,1,bengali_001,BHSig260-Bengali/BHSig260-Bengali/1/B-S-1-F-05.tif,B-S-1-F-05.tif,0,5,test
bengali,1,bengali_001,BHSig260-Bengali/BHSig260-Bengali/1/B-S-1-F-06.tif,B-S-1-F-06.tif,0,6,test
bengali,1,bengali_001,BHSig260-Bengali/BHSig260-Bengali/1/B-S-1-F-07.tif,B-S-1-F-07.tif,0,7,test
bengali,1,bengali_001,BHSig260-Bengali/BHSig260-Bengali/1/B-S-1-F-08.tif,B-S-1-F-08.tif,0,8,test
bengali,1,bengali_001,BHSig260-Bengali/BHSig260-Bengali/1/B-S-1-F-09.tif,B-S-1-F-09.tif,0,9,test
bengali,1,bengali_001,BHSig260-Bengali/BHSig260-Bengali/1/B-S-1-F-10.tif,B-S-1-F-10.tif,0,10,test
bengali,4,bengali_004,BHSig260-Bengali/BHSig260-Bengali/4/B-S-4-G-01.tif,B-S-4-G-01.tif,1,1,test
bengali,4,bengali_004,BHSig260-Bengali/BHSig260-Bengali/4/B-S-4-G-02.tif,B-S-4-G-02.tif,1,2,test
bengali,4,bengali_004,BHSig260-Bengali/BHSig260-Bengali/4/B-S-4-G-03.tif,B-S-4-G-03.tif,1,3,test
bengali,4,bengali_004,BHSig260-Bengali/BHSig260-Bengali/4/B-S-4-G-04.tif,B-S-4-G-04.tif,1,4,test
bengali,4,bengali_004,BHSig260-Bengali/BHSig260-Bengali/4/B-S-4-G-05.tif,B-S-4-G-05.tif,1,5,test
bengali,4,bengali_004,BHSig260-Bengali/BHSig260-Bengali/4/B-S-4-G-06.tif,B-S-4-G-06.tif,1,6,test
bengali,4,bengali_004,BHSig260-Bengali/BHSig260-Bengali/4/B-S-4-G-07.tif,B-S-4-G-07.tif,1,7,test
bengali,4,bengali_004,BHSig260-Bengali/BHSig260-Bengali/4/B-S-4-G-08.tif,B-S-4-G-08.tif,1,8,test
bengali,4,bengali_004,BHSig260-Bengali/BHSig260-Bengali/4/B-S-4-G-09.tif,B-S-4-G-09.tif,1,9,test
bengali,4,bengali_004,BHSig260-Bengali/BHSig260-Bengali/4/B-S-4-G-10.tif,B-S-4-G-10.tif,1,10,test
bengali,4,bengali_004,BHSig260-Bengali/BHSig260-Bengali/4/B-S-4-F-01.tif,B-S-4-F-01.tif,0,1,test
bengali,4,bengali_004,BHSig260-Bengali/BHSig260-Bengali/4/B-S-4-F-02.tif,B-S-4-F-02.tif,0,2,test
bengali,4,bengali_004,BHSig260-Bengali/BHSig260-Bengali/4/B-S-4-F-03.tif,B-S-4-F-03.tif,0,3,test
bengali,4,bengali_004,BHSig260-Bengali/BHSig260-Bengali/4/B-S-4-F-04.tif,B-S-4-F-04.tif,0,4,test
bengali,4,bengali_004,BHSig260-Bengali/BHSig260-Bengali/4/B-S-4-F-05.tif,B-S-4-F-05.tif,0,5,test
bengali,4,bengali_004,BHSig260-Bengali/BHSig260-Bengali/4/B-S-4-F-06.tif,B-S-4-F-06.tif,0,6,test
bengali,4,bengali_004,BHSig260-Bengali/BHSig260-Bengali/4/B-S-4-F-07.tif,B-S-4-F-07.tif,0,7,test
bengali,4,bengali_004,BHSig260-Bengali/BHSig260-Bengali/4/B-S-4-F-08.tif,B-S-4-F-08.tif,0,8,test
bengali,4,bengali_004,BHSig260-Bengali/BHSig260-Bengali/4/B-S-4-F-09.tif,B-S-4-F-09.tif,0,9,test
bengali,4,bengali_004,BHSig260-Bengali/BHSig260-Bengali/4/B-S-4-F-10.tif,B-S-4-F-10.tif,0,10,test
bengali,8,bengali_008,BHSig260-Bengali/BHSig260-Bengali/8/B-S-8-G-01.tif,B-S-8-G-01.tif,1,1,test
bengali,8,bengali_008,BHSig260-Bengali/BHSig260-Bengali/8/B-S-8-G-02.tif,B-S-8-G-02.tif,1,2,test
bengali,8,bengali_008,BHSig260-Bengali/BHSig260-Bengali/8/B-S-8-G-03.tif,B-S-8-G-03.tif,1,3,test
bengali,8,bengali_008,BHSig260-Bengali/BHSig260-Bengali/8/B-S-8-G-04.tif,B-S-8-G-04.tif,1,4,test
bengali,8,bengali_008,BHSig260-Bengali/BHSig260-Bengali/8/B-S-8-G-05.tif,B-S-8-G-05.tif,1,5,test
bengali,8,bengali_008,BHSig260-Bengali/BHSig260-Bengali/8/B-S-8-G-06.tif,B-S-8-G-06.tif,1,6,test
bengali,8,bengali_008,BHSig260-Bengali/BHSig260-Bengali/8/B-S-8-G-07.tif,B-S-8-G-07.tif,1,7,test
bengali,8,bengali_008,BHSig260-Bengali/BHSig260-Bengali/8/B-S-8-G-08.tif,B-S-8-G-08.tif,1,8,test
bengali,8,bengali_008,BHSig260-Bengali/BHSig260-Bengali/8/B-S-8-G-09.tif,B-S-8-G-09.tif,1,9,test
bengali,8,bengali_008,BHSig260-Bengali/BHSig260-Bengali/8/B-S-8-G-10.tif,B-S-8-G-10.tif,1,10,test
bengali,8,bengali_008,BHSig260-Bengali/BHSig260-Bengali/8/B-S-8-F-01.tif,B-S-8-F-01.tif,0,1,test
bengali,8,bengali_008,BHSig260-Bengali/BHSig260-Bengali/8/B-S-8-F-02.tif,B-S-8-F-02.tif,0,2,test
bengali,8,bengali_008,BHSig260-Bengali/BHSig260-Bengali/8/B-S-8-F-03.tif,B-S-8-F-03.tif,0,3,test
bengali,8,bengali_008,BHSig260-Bengali/BHSig260-Bengali/8/B-S-8-F-04.tif,B-S-8-F-04.tif,0,4,test
bengali,8,bengali_008,BHSig260-Bengali/BHSig260-Bengali/8/B-S-8-F-05.tif,B-S-8-F-05.tif,0,5,test
bengali,8,bengali_008,BHSig260-Bengali/BHSig260-Bengali/8/B-S-8-F-06.tif,B-S-8-F-06.tif,0,6,test
bengali,8,bengali_008,BHSig260-Bengali/BHSig260-Bengali/8/B-S-8-F-07.tif,B-S-8-F-07.tif,0,7,test
bengali,8,bengali_008,BHSig260-Bengali/BHSig260-Bengali/8/B-S-8-F-08.tif,B-S-8-F-08.tif,0,8,test
bengali,8,bengali_008,BHSig260-Bengali/BHSig260-Bengali/8/B-S-8-F-09.tif,B-S-8-F-09.tif,0,9,test
bengali,8,bengali_008,BHSig260-Bengali/BHSig260-Bengali/8/B-S-8-F-10.tif,B-S-8-F-10.tif,0,10,test
bengali,9,bengali_009,BHSig260-Bengali/BHSig260-Bengali/9/B-S-9-G-01.tif,B-S-9-G-01.tif,1,1,test
bengali,9,bengali_009,BHSig260-Bengali/BHSig260-Bengali/9/B-S-9-G-02.tif,B-S-9-G-02.tif,1,2,test
bengali,9,bengali_009,BHSig260-Bengali/BHSig260-Bengali/9/B-S-9-G-03.tif,B-S-9-G-03.tif,1,3,test
bengali,9,bengali_009,BHSig260-Bengali/BHSig260-Bengali/9/B-S-9-G-04.tif,B-S-9-G-04.tif,1,4,test
bengali,9,bengali_009,BHSig260-Bengali/BHSig260-Bengali/9/B-S-9-G-05.tif,B-S-9-G-05.tif,1,5,test
bengali,9,bengali_009,BHSig260-Bengali/BHSig260-Bengali/9/B-S-9-G-06.tif,B-S-9-G-06.tif,1,6,test
bengali,9,bengali_009,BHSig260-Bengali/BHSig260-Bengali/9/B-S-9-G-07.tif,B-S-9-G-07.tif,1,7,test
bengali,9,bengali_009,BHSig260-Bengali/BHSig260-Bengali/9/B-S-9-G-08.tif,B-S-9-G-08.tif,1,8,test
bengali,9,bengali_009,BHSig260-Bengali/BHSig260-Bengali/9/B-S-9-G-09.tif,B-S-9-G-09.tif,1,9,test
bengali,9,bengali_009,BHSig260-Bengali/BHSig260-Bengali/9/B-S-9-G-10.tif,B-S-9-G-10.tif,1,10,test
bengali,9,bengali_009,BHSig260-Bengali/BHSig260-Bengali/9/B-S-9-F-01.tif,B-S-9-F-01.tif,0,1,test
bengali,9,bengali_009,BHSig260-Bengali/BHSig260-Bengali/9/B-S-9-F-02.tif,B-S-9-F-02.tif,0,2,test
bengali,9,bengali_009,BHSig260-Bengali/BHSig260-Bengali/9/B-S-9-F-03.tif,B-S-9-F-03.tif,0,3,test
bengali,9,bengali_009,BHSig260-Bengali/BHSig260-Bengali/9/B-S-9-F-04.tif,B-S-9-F-04.tif,0,4,test
bengali,9,bengali_009,BHSig260-Bengali/BHSig260-Bengali/9/B-S-9-F-05.tif,B-S-9-F-05.tif,0,5,test
bengali,9,bengali_009,BHSig260-Bengali/BHSig260-Bengali/9/B-S-9-F-06.tif,B-S-9-F-06.tif,0,6,test
bengali,9,bengali_009,BHSig260-Bengali/BHSig260-Bengali/9/B-S-9-F-07.tif,B-S-9-F-07.tif,0,7,test
bengali,9,bengali_009,BHSig260-Bengali/BHSig260-Bengali/9/B-S-9-F-08.tif,B-S-9-F-08.tif,0,8,test
bengali,9,bengali_009,BHSig260-Bengali/BHSig260-Bengali/9/B-S-9-F-09.tif,B-S-9-F-09.tif,0,9,test
bengali,9,bengali_009,BHSig260-Bengali/BHSig260-Bengali/9/B-S-9-F-10.tif,B-S-9-F-10.tif,0,10,test
hindi,2,hindi_002,BHSig260-Hindi/BHSig260-Hindi/2/H-S-2-G-01.tif,H-S-2-G-01.tif,1,1,test
hindi,2,hindi_002,BHSig260-Hindi/BHSig260-Hindi/2/H-S-2-G-02.tif,H-S-2-G-02.tif,1,2,test
hindi,2,hindi_002,BHSig260-Hindi/BHSig260-Hindi/2/H-S-2-G-03.tif,H-S-2-G-03.tif,1,3,test
hindi,2,hindi_002,BHSig260-Hindi/BHSig260-Hindi/2/H-S-2-G-04.tif,H-S-2-G-04.tif,1,4,test
hindi,2,hindi_002,BHSig260-Hindi/BHSig260-Hindi/2/H-S-2-G-05.tif,H-S-2-G-05.tif,1,5,test
hindi,2,hindi_002,BHSig260-Hindi/BHSig260-Hindi/2/H-S-2-G-06.tif,H-S-2-G-06.tif,1,6,test
hindi,2,hindi_002,BHSig260-Hindi/BHSig260-Hindi/2/H-S-2-G-07.tif,H-S-2-G-07.tif,1,7,test
hindi,2,hindi_002,BHSig260-Hindi/BHSig260-Hindi/2/H-S-2-G-08.tif,H-S-2-G-08.tif,1,8,test
hindi,2,hindi_002,BHSig260-Hindi/BHSig260-Hindi/2/H-S-2-G-09.tif,H-S-2-G-09.tif,1,9,test
hindi,2,hindi_002,BHSig260-Hindi/BHSig260-Hindi/2/H-S-2-G-10.tif,H-S-2-G-10.tif,1,10,test
hindi,2,hindi_002,BHSig260-Hindi/BHSig260-Hindi/2/H-S-2-F-01.tif,H-S-2-F-01.tif,0,1,test
hindi,2,hindi_002,BHSig260-Hindi/BHSig260-Hindi/2/H-S-2-F-02.tif,H-S-2-F-02.tif,0,2,test
hindi,2,hindi_002,BHSig260-Hindi/BHSig260-Hindi/2/H-S-2-F-03.tif,H-S-2-F-03.tif,0,3,test
hindi,2,hindi_002,BHSig260-Hindi/BHSig260-Hindi/2/H-S-2-F-04.tif,H-S-2-F-04.tif,0,4,test
hindi,2,hindi_002,BHSig260-Hindi/BHSig260-Hindi/2/H-S-2-F-05.tif,H-S-2-F-05.tif,0,5,test
hindi,2,hindi_002,BHSig260-Hindi/BHSig260-Hindi/2/H-S-2-F-06.tif,H-S-2-F-06.tif,0,6,test
hindi,2,hindi_002,BHSig260-Hindi/BHSig260-Hindi/2/H-S-2-F-07.tif,H-S-2-F-07.tif,0,7,test
hindi,2,hindi_002,BHSig260-Hindi/BHSig260-Hindi/2/H-S-2-F-08.tif,H-S-2-F-08.tif,0,8,test
hindi,2,hindi_002,BHSig260-Hindi/BHSig260-Hindi/2/H-S-2-F-09.tif,H-S-2-F-09.tif,0,9,test
hindi,2,hindi_002,BHSig260-Hindi/BHSig260-Hindi/2/H-S-2-F-10.tif,H-S-2-F-10.tif,0,10,test
hindi,5,hindi_005,BHSig260-Hindi/BHSig260-Hindi/5/H-S-5-G-01.tif,H-S-5-G-01.tif,1,1,test
hindi,5,hindi_005,BHSig260-Hindi/BHSig260-Hindi/5/H-S-5-G-02.tif,H-S-5-G-02.tif,1,2,test
hindi,5,hindi_005,BHSig260-Hindi/BHSig260-Hindi/5/H-S-5-G-03.tif,H-S-5-G-03.tif,1,3,test
hindi,5,hindi_005,BHSig260-Hindi/BHSig260-Hindi/5/H-S-5-G-04.tif,H-S-5-G-04.tif,1,4,test
hindi,5,hindi_005,BHSig260-Hindi/BHSig260-Hindi/5/H-S-5-G-05.tif,H-S-5-G-05.tif,1,5,test
hindi,5,hindi_005,BHSig260-Hindi/BHSig260-Hindi/5/H-S-5-G-06.tif,H-S-5-G-06.tif,1,6,test
hindi,5,hindi_005,BHSig260-Hindi/BHSig260-Hindi/5/H-S-5-G-07.tif,H-S-5-G-07.tif,1,7,test
hindi,5,hindi_005,BHSig260-Hindi/BHSig260-Hindi/5/H-S-5-G-08.tif,H-S-5-G-08.tif,1,8,test
hindi,5,hindi_005,BHSig260-Hindi/BHSig260-Hindi/5/H-S-5-G-09.tif,H-S-5-G-09.tif,1,9,test
hindi,5,hindi_005,BHSig260-Hindi/BHSig260-Hindi/5/H-S-5-G-10.tif,H-S-5-G-10.tif,1,10,test
hindi,5,hindi_005,BHSig260-Hindi/BHSig260-Hindi/5/H-S-5-F-01.tif,H-S-5-F-01.tif,0,1,test
hindi,5,hindi_005,BHSig260-Hindi/BHSig260-Hindi/5/H-S-5-F-02.tif,H-S-5-F-02.tif,0,2,test
hindi,5,hindi_005,BHSig260-Hindi/BHSig260-Hindi/5/H-S-5-F-03.tif,H-S-5-F-03.tif,0,3,test
hindi,5,hindi_005,BHSig260-Hindi/BHSig260-Hindi/5/H-S-5-F-04.tif,H-S-5-F-04.tif,0,4,test
hindi,5,hindi_005,BHSig260-Hindi/BHSig260-Hindi/5/H-S-5-F-05.tif,H-S-5-F-05.tif,0,5,test
hindi,5,hindi_005,BHSig260-Hindi/BHSig260-Hindi/5/H-S-5-F-06.tif,H-S-5-F-06.tif,0,6,test
hindi,5,hindi_005,BHSig260-Hindi/BHSig260-Hindi/5/H-S-5-F-07.tif,H-S-5-F-07.tif,0,7,test
hindi,5,hindi_005,BHSig260-Hindi/BHSig260-Hindi/5/H-S-5-F-08.tif,H-S-5-F-08.tif,0,8,test
hindi,5,hindi_005,BHSig260-Hindi/BHSig260-Hindi/5/H-S-5-F-09.tif,H-S-5-F-09.tif,0,9,test
hindi,5,hindi_005,BHSig260-Hindi/BHSig260-Hindi/5/H-S-5-F-10.tif,H-S-5-F-10.tif,0,10,test
hindi,10,hindi_010,BHSig260-Hindi/BHSig260-Hindi/10/H-S-10-G-01.tif,H-S-10-G-01.tif,1,1,test
hindi,10,hindi_010,BHSig260-Hindi/BHSig260-Hindi/10/H-S-10-G-02.tif,H-S-10-G-02.tif,1,2,test
hindi,10,hindi_010,BHSig260-Hindi/BHSig260-Hindi/10/H-S-10-G-03.tif,H-S-10-G-03.tif,1,3,test
hindi,10,hindi_010,BHSig260-Hindi/BHSig260-Hindi/10/H-S-10-G-04.tif,H-S-10-G-04.tif,1,4,test
hindi,10,hindi_010,BHSig260-Hindi/BHSig260-Hindi/10/H-S-10-G-05.tif,H-S-10-G-05.tif,1,5,test
hindi,10,hindi_010,BHSig260-Hindi/BHSig260-Hindi/10/H-S-10-G-06.tif,H-S-10-G-06.tif,1,6,test
hindi,10,hindi_010,BHSig260-Hindi/BHSig260-Hindi/10/H-S-10-G-07.tif,H-S-10-G-07.tif,1,7,test
hindi,10,hindi_010,BHSig260-Hindi/BHSig260-Hindi/10/H-S-10-G-08.tif,H-S-10-G-08.tif,1,8,test
hindi,10,hindi_010,BHSig260-Hindi/BHSig260-Hindi/10/H-S-10-G-09.tif,H-S-10-G-09.tif,1,9,test
hindi,10,hindi_010,BHSig260-Hindi/BHSig260-Hindi/10/H-S-10-G-10.tif,H-S-10-G-10.tif,1,10,test
hindi,10,hindi_010,BHSig260-Hindi/BHSig260-Hindi/10/H-S-10-F-01.tif,H-S-10-F-01.tif,0,1,test
hindi,10,hindi_010,BHSig260-Hindi/BHSig260-Hindi/10/H-S-10-F-02.tif,H-S-10-F-02.tif,0,2,test
hindi,10,hindi_010,BHSig260-Hindi/BHSig260-Hindi/10/H-S-10-F-03.tif,H-S-10-F-03.tif,0,3,test
hindi,10,hindi_010,BHSig260-Hindi/BHSig260-Hindi/10/H-S-10-F-04.tif,H-S-10-F-04.tif,0,4,test
hindi,10,hindi_010,BHSig260-Hindi/BHSig260-Hindi/10/H-S-10-F-05.tif,H-S-10-F-05.tif,0,5,test
hindi,10,hindi_010,BHSig260-Hindi/BHSig260-Hindi/10/H-S-10-F-06.tif,H-S-10-F-06.tif,0,6,test
hindi,10,hindi_010,BHSig260-Hindi/BHSig260-Hindi/10/H-S-10-F-07.tif,H-S-10-F-07.tif,0,7,test
hindi,10,hindi_010,BHSig260-Hindi/BHSig260-Hindi/10/H-S-10-F-08.tif,H-S-10-F-08.tif,0,8,test
hindi,10,hindi_010,BHSig260-Hindi/BHSig260-Hindi/10/H-S-10-F-09.tif,H-S-10-F-09.tif,0,9,test
hindi,10,hindi_010,BHSig260-Hindi/BHSig260-Hindi/10/H-S-10-F-10.tif,H-S-10-F-10.tif,0,10,test
hindi,15,hindi_015,BHSig260-Hindi/BHSig260-Hindi/15/H-S-15-G-01.tif,H-S-15-G-01.tif,1,1,test
hindi,15,hindi_015,BHSig260-Hindi/BHSig260-Hindi/15/H-S-15-G-02.tif,H-S-15-G-02.tif,1,2,test
hindi,15,hindi_015,BHSig260-Hindi/BHSig260-Hindi/15/H-S-15-G-03.tif,H-S-15-G-03.tif,1,3,test
hindi,15,hindi_015,BHSig260-Hindi/BHSig260-Hindi/15/H-S-15-G-04.tif,H-S-15-G-04.tif,1,4,test
hindi,15,hindi_015,BHSig260-Hindi/BHSig260-Hindi/15/H-S-15-G-05.tif,H-S-15-G-05.tif,1,5,test
hindi,15,hindi_015,BHSig260-Hindi/BHSig260-Hindi/15/H-S-15-G-06.tif,H-S-15-G-06.tif,1,6,test
hindi,15,hindi_015,BHSig260-Hindi/BHSig260-Hindi/15/H-S-15-G-07.tif,H-S-15-G-07.tif,1,7,test
hindi,15,hindi_015,BHSig260-Hindi/BHSig260-Hindi/15/H-S-15-G-08.tif,H-S-15-G-08.tif,1,8,test
hindi,15,hindi_015,BHSig260-Hindi/BHSig260-Hindi/15/H-S-15-G-09.tif,H-S-15-G-09.tif,1,9,test
hindi,15,hindi_015,BHSig260-Hindi/BHSig260-Hindi/15/H-S-15-G-10.tif,H-S-15-G-10.tif,1,10,test
hindi,15,hindi_015,BHSig260-Hindi/BHSig260-Hindi/15/H-S-15-F-01.tif,H-S-15-F-01.tif,0,1,test
hindi,15,hindi_015,BHSig260-Hindi/BHSig260-Hindi/15/H-S-15-F-02.tif,H-S-15-F-02.tif,0,2,test
hindi,15,hindi_015,BHSig260-Hindi/BHSig260-Hindi/15/H-S-15-F-03.tif,H-S-15-F-03.tif,0,3,test
hindi,15,hindi_015,BHSig260-Hindi/BHSig260-Hindi/15/H-S-15-F-04.tif,H-S-15-F-04.tif,0,4,test
hindi,15,hindi_015,BHSig260-Hindi/BHSig260-Hindi/15/H-S-15-F-05.tif,H-S-15-F-05.tif,0,5,test
hindi,15,hindi_015,BHSig260-Hindi/BHSig260-Hindi/15/H-S-15-F-06.tif,H-S-15-F-06.tif,0,6,test
hindi,15,hindi_015,BHSig260-Hindi/BHSig260-Hindi/15/H-S-15-F-07.tif,H-S-15-F-07.tif,0,7,test
hindi,15,hindi_015,BHSig260-Hindi/BHSig260-Hindi/15/H-S-15-F-08.tif,H-S-15-F-08.tif,0,8,test
hindi,15,hindi_015,BHSig260-Hindi/BHSig260-Hindi/15/H-S-15-F-09.tif,H-S-15-F-09.tif,0,9,test
hindi,15,hindi_015,BHSig260-Hindi/BHSig260-Hindi/15/H-S-15-F-10.tif,H-S-15-F-10.tif,0,10,test
bengali,5,bengali_005,BHSig260-Bengali/BHSig260-Bengali/5/B-S-5-G-01.tif,B-S-5-G-01.tif,1,1,train
bengali,5,bengali_005,BHSig260-Bengali/BHSig260-Bengali/5/B-S-5-G-02.tif,B-S-5-G-02.tif,1,2,train
bengali,5,bengali_005,BHSig260-Bengali/BHSig260-Bengali/5/B-S-5-G-03.tif,B-S-5-G-03.tif,1,3,train
bengali,5,bengali_005,BHSig260-Bengali/BHSig260-Bengali/5/B-S-5-G-04.tif,B-S-5-G-04.tif,1,4,train
bengali,5,bengali_005,BHSig260-Bengali/BHSig260-Bengali/5/B-S-5-G-05.tif,B-S-5-G-05.tif,1,5,train
bengali,5,bengali_005,BHSig260-Bengali/BHSig260-Bengali/5/B-S-5-G-06.tif,B-S-5-G-06.tif,1,6,train
bengali,5,bengali_005,BHSig260-Bengali/BHSig260-Bengali/5/B-S-5-G-07.tif,B-S-5-G-07.tif,1,7,train
bengali,5,bengali_005,BHSig260-Bengali/BHSig260-Bengali/5/B-S-5-G-08.tif,B-S-5-G-08.tif,1,8,train
bengali,5,bengali_005,BHSig260-Bengali/BHSig260-Bengali/5/B-S-5-G-09.tif,B-S-5-G-09.tif,1,9,train
bengali,5,bengali_005,BHSig260-Bengali/BHSig260-Bengali/5/B-S-5-G-10.tif,B-S-5-G-10.tif,1,10,train
bengali,5,bengali_005,BHSig260-Bengali/BHSig260-Bengali/5/B-S-5-F-01.tif,B-S-5-F-01.tif,0,1,train
bengali,5,bengali_005,BHSig260-Bengali/BHSig260-Bengali/5/B-S-5-F-02.tif,B-S-5-F-02.tif,0,2,train
bengali,5,bengali_005,BHSig260-Bengali/BHSig260-Bengali/5/B-S-5-F-03.tif,B-S-5-F-03.tif,0,3,train
bengali,5,bengali_005,BHSig260-Bengali/BHSig260-Bengali/5/B-S-5-F-04.tif,B-S-5-F-04.tif,0,4,train
bengali,5,bengali_005,BHSig260-Bengali/BHSig260-Bengali/5/B-S-5-F-05.tif,B-S-5-F-05.tif,0,5,train
bengali,5,bengali_005,BHSig260-Bengali/BHSig260-Bengali/5/B-S-5-F-06.tif,B-S-5-F-06.tif,0,6,train
bengali,5,bengali_005,BHSig260-Bengali/BHSig260-Bengali/5/B-S-5-F-07.tif,B-S-5-F-07.tif,0,7,train
bengali,5,bengali_005,BHSig260-Bengali/BHSig260-Bengali/5/B-S-5-F-08.tif,B-S-5-F-08.tif,0,8,train
bengali,5,bengali_005,BHSig260-Bengali/BHSig260-Bengali/5/B-S-5-F-09.tif,B-S-5-F-09.tif,0,9,train
bengali,5,bengali_005,BHSig260-Bengali/BHSig260-Bengali/5/B-S-5-F-10.tif,B-S-5-F-10.tif,0,10,train
bengali,6,bengali_006,BHSig260-Bengali/BHSig260-Bengali/6/B-S-6-G-01.tif,B-S-6-G-01.tif,1,1,train
bengali,6,bengali_006,BHSig260-Bengali/BHSig260-Bengali/6/B-S-6-G-02.tif,B-S-6-G-02.tif,1,2,train
bengali,6,bengali_006,BHSig260-Bengali/BHSig260-Bengali/6/B-S-6-G-03.tif,B-S-6-G-03.tif,1,3,train
bengali,6,bengali_006,BHSig260-Bengali/BHSig260-Bengali/6/B-S-6-G-04.tif,B-S-6-G-04.tif,1,4,train
bengali,6,bengali_006,BHSig260-Bengali/BHSig260-Bengali/6/B-S-6-G-05.tif,B-S-6-G-05.tif,1,5,train
bengali,6,bengali_006,BHSig260-Bengali/BHSig260-Bengali/6/B-S-6-G-06.tif,B-S-6-G-06.tif,1,6,train
bengali,6,bengali_006,BHSig260-Bengali/BHSig260-Bengali/6/B-S-6-G-07.tif,B-S-6-G-07.tif,1,7,train
bengali,6,bengali_006,BHSig260-Bengali/BHSig260-Bengali/6/B-S-6-G-08.tif,B-S-6-G-08.tif,1,8,train
bengali,6,bengali_006,BHSig260-Bengali/BHSig260-Bengali/6/B-S-6-G-09.tif,B-S-6-G-09.tif,1,9,train
bengali,6,bengali_006,BHSig260-Bengali/BHSig260-Bengali/6/B-S-6-G-10.tif,B-S-6-G-10.tif,1,10,train
bengali,6,bengali_006,BHSig260-Bengali/BHSig260-Bengali/6/B-S-6-F-01.tif,B-S-6-F-01.tif,0,1,train
bengali,6,bengali_006,BHSig260-Bengali/BHSig260-Bengali/6/B-S-6-F-02.tif,B-S-6-F-02.tif,0,2,train
bengali,6,bengali_006,BHSig260-Bengali/BHSig260-Bengali/6/B-S-6-F-03.tif,B-S-6-F-03.tif,0,3,train
bengali,6,bengali_006,BHSig260-Bengali/BHSig260-Bengali/6/B-S-6-F-04.tif,B-S-6-F-04.tif,0,4,train
bengali,6,bengali_006,BHSig260-Bengali/BHSig260-Bengali/6/B-S-6-F-05.tif,B-S-6-F-05.tif,0,5,train
bengali,6,bengali_006,BHSig260-Bengali/BHSig260-Bengali/6/B-S-6-F-06.tif,B-S-6-F-06.tif,0,6,train
bengali,6,bengali_006,BHSig260-Bengali/BHSig260-Bengali/6/B-S-6-F-07.tif,B-S-6-F-07.tif,0,7,train
bengali,6,bengali_006,BHSig260-Bengali/BHSig260-Bengali/6/B-S-6-F-08.tif,B-S-6-F-08.tif,0,8,train
bengali,6,bengali_006,BHSig260-Bengali/BHSig260-Bengali/6/B-S-6-F-09.tif,B-S-6-F-09.tif,0,9,train
bengali,6,bengali_006,BHSig260-Bengali/BHSig260-Bengali/6/B-S-6-F-10.tif,B-S-6-F-10.tif,0,10,train
bengali,7,bengali_007,BHSig260-Bengali/BHSig260-Bengali/7/B-S-7-G-01.tif,B-S-7-G-01.tif,1,1,train
bengali,7,bengali_007,BHSig260-Bengali/BHSig260-Bengali/7/B-S-7-G-02.tif,B-S-7-G-02.tif,1,2,train
bengali,7,bengali_007,BHSig260-Bengali/BHSig260-Bengali/7/B-S-7-G-03.tif,B-S-7-G-03.tif,1,3,train
bengali,7,bengali_007,BHSig260-Bengali/BHSig260-Bengali/7/B-S-7-G-04.tif,B-S-7-G-04.tif,1,4,train
bengali,7,bengali_007,BHSig260-Bengali/BHSig260-Bengali/7/B-S-7-G-05.tif,B-S-7-G-05.tif,1,5,train
bengali,7,bengali_007,BHSig260-Bengali/BHSig260-Bengali/7/B-S-7-G-06.tif,B-S-7-G-06.tif,1,6,train
bengali,7,bengali_007,BHSig260-Bengali/BHSig260-Bengali/7/B-S-7-G-07.tif,B-S-7-G-07.tif,1,7,train
bengali,7,bengali_007,BHSig260-Bengali/BHSig260-Bengali/7/B-S-7-G-08.tif,B-S-7-G-08.tif,1,8,train
bengali,7,bengali_007,BHSig260-Bengali/BHSig260-Bengali/7/B-S-7-G-09.tif,B-S-7-G-09.tif,1,9,train
bengali,7,bengali_007,BHSig260-Bengali/BHSig260-Bengali/7/B-S-7-G-10.tif,B-S-7-G-10.tif,1,10,train
bengali,7,bengali_007,BHSig260-Bengali/BHSig260-Bengali/7/B-S-7-F-01.tif,B-S-7-F-01.tif,0,1,train
bengali,7,bengali_007,BHSig260-Bengali/BHSig260-Bengali/7/B-S-7-F-02.tif,B-S-7-F-02.tif,0,2,train
bengali,7,bengali_007,BHSig260-Bengali/BHSig260-Bengali/7/B-S-7-F-03.tif,B-S-7-F-03.tif,0,3,train
bengali,7,bengali_007,BHSig260-Bengali/BHSig260-Bengali/7/B-S-7-F-04.tif,B-S-7-F-04.tif,0,4,train
bengali,7,bengali_007,BHSig260-Bengali/BHSig260-Bengali/7/B-S-7-F-05.tif,B-S-7-F-05.tif,0,5,train
bengali,7,bengali_007,BHSig260-Bengali/BHSig260-Bengali/7/B-S-7-F-06.tif,B-S-7-F-06.tif,0,6,train
bengali,7,bengali_007,BHSig260-Bengali/BHSig260-Bengali/7/B-S-7-F-07.tif,B-S-7-F-07.tif,0,7,train
bengali,7,bengali_007,BHSig260-Bengali/BHSig260-Bengali/7/B-S-7-F-08.tif,B-S-7-F-08.tif,0,8,train
bengali,7,bengali_007,BHSig260-Bengali/BHSig260-Bengali/7/B-S-7-F-09.tif,B-S-7-F-09.tif,0,9,train
bengali,7,bengali_007,BHSig260-Bengali/BHSig260-Bengali/7/B-S-7-F-10.tif,B-S-7-F-10.tif,0,10,train
bengali,10,bengali_010,BHSig260-Bengali/BHSig260-Bengali/10/B-S-10-G-01.tif,B-S-10-G-01.tif,1,1,train
bengali,10,bengali_010,BHSig260-Bengali/BHSig260-Bengali/10/B-S-10-G-02.tif,B-S-10-G-02.tif,1,2,train
bengali,10,bengali_010,BHSig260-Bengali/BHSig260-Bengali/10/B-S-10-G-03.tif,B-S-10-G-03.tif,1,3,train
bengali,10,bengali_010,BHSig260-Bengali/BHSig260-Bengali/10/B-S-10-G-04.tif,B-S-10-G-04.tif,1,4,train
bengali,10,bengali_010,BHSig260-Bengali/BHSig260-Bengali/10/B-S-10-G-05.tif,B-S-10-G-05.tif,1,5,train
bengali,10,bengali_010,BHSig260-Bengali/BHSig260-Bengali/10/B-S-10-G-06.tif,B-S-10-G-06.tif,1,6,train
bengali,10,bengali_010,BHSig260-Bengali/BHSig260-Bengali/10/B-S-10-G-07.tif,B-S-10-G-07.tif,1,7,train
bengali,10,bengali_010,BHSig260-Bengali/BHSig260-Bengali/10/B-S-10-G-08.tif,B-S-10-G-08.tif,1,8,train
bengali,10,bengali_010,BHSig260-Bengali/BHSig260-Bengali/10/B-S-10-G-09.tif,B-S-10-G-09.tif,1,9,train
bengali,10,bengali_010,BHSig260-Bengali/BHSig260-Bengali/10/B-S-10-G-10.tif,B-S-10-G-10.tif,1,10,train
bengali,10,bengali_010,BHSig260-Bengali/BHSig260-Bengali/10/B-S-10-F-01.tif,B-S-10-F-01.tif,0,1,train
bengali,10,bengali_010,BHSig260-Bengali/BHSig260-Bengali/10/B-S-10-F-02.tif,B-S-10-F-02.tif,0,2,train
bengali,10,bengali_010,BHSig260-Bengali/BHSig260-Bengali/10/B-S-10-F-03.tif,B-S-10-F-03.tif,0,3,train
bengali,10,bengali_010,BHSig260-Bengali/BHSig260-Bengali/10/B-S-10-F-04.tif,B-S-10-F-04.tif,0,4,train
bengali,10,bengali_010,BHSig260-Bengali/BHSig260-Bengali/10/B-S-10-F-05.tif,B-S-10-F-05.tif,0,5,train
bengali,10,bengali_010,BHSig260-Bengali/BHSig260-Bengali/10/B-S-10-F-06.tif,B-S-10-F-06.tif,0,6,train
bengali,10,bengali_010,BHSig260-Bengali/BHSig260-Bengali/10/B-S-10-F-07.tif,B-S-10-F-07.tif,0,7,train
bengali,10,bengali_010,BHSig260-Bengali/BHSig260-Bengali/10/B-S-10-F-08.tif,B-S-10-F-08.tif,0,8,train
bengali,10,bengali_010,BHSig260-Bengali/BHSig260-Bengali/10/B-S-10-F-09.tif,B-S-10-F-09.tif,0,9,train
bengali,10,bengali_010,BHSig260-Bengali/BHSig260-Bengali/10/B-S-10-F-10.tif,B-S-10-F-10.tif,0,10,train
bengali,11,bengali_011,BHSig260-Bengali/BHSig260-Bengali/11/B-S-11-G-01.tif,B-S-11-G-01.tif,1,1,train
bengali,11,bengali_011,BHSig260-Bengali/BHSig260-Bengali/11/B-S-11-G-02.tif,B-S-11-G-02.tif,1,2,train
bengali,11,bengali_011,BHSig260-Bengali/BHSig260-Bengali/11/B-S-11-G-03.tif,B-S-11-G-03.tif,1,3,train
bengali,11,bengali_011,BHSig260-Bengali/BHSig260-Bengali/11/B-S-11-G-04.tif,B-S-11-G-04.tif,1,4,train
bengali,11,bengali_011,BHSig260-Bengali/BHSig260-Bengali/11/B-S-11-G-05.tif,B-S-11-G-05.tif,1,5,train
bengali,11,bengali_011,BHSig260-Bengali/BHSig260-Bengali/11/B-S-11-G-06.tif,B-S-11-G-06.tif,1,6,train
bengali,11,bengali_011,BHSig260-Bengali/BHSig260-Bengali/11/B-S-11-G-07.tif,B-S-11-G-07.tif,1,7,train
bengali,11,bengali_011,BHSig260-Bengali/BHSig260-Bengali/11/B-S-11-G-08.tif,B-S-11-G-08.tif,1,8,train
bengali,11,bengali_011,BHSig260-Bengali/BHSig260-Bengali/11/B-S-11-G-09.tif,B-S-11-G-09.tif,1,9,train
bengali,11,bengali_011,BHSig260-Bengali/BHSig260-Bengali/11/B-S-11-G-10.tif,B-S-11-G-10.tif,1,10,train
bengali,11,bengali_011,BHSig260-Bengali/BHSig260-Bengali/11/B-S-11-F-01.tif,B-S-11-F-01.tif,0,1,train
bengali,11,bengali_011,BHSig260-Bengali/BHSig260-Bengali/11/B-S-11-F-02.tif,B-S-11-F-02.tif,0,2,train
bengali,11,bengali_011,BHSig260-Bengali/BHSig260-Bengali/11/B-S-11-F-03.tif,B-S-11-F-03.tif,0,3,train
bengali,11,bengali_011,BHSig260-Bengali/BHSig260-Bengali/11/B-S-11-F-04.tif,B-S-11-F-04.tif,0,4,train
bengali,11,bengali_011,BHSig260-Bengali/BHSig260-Bengali/11/B-S-11-F-05.tif,B-S-11-F-05.tif,0,5,train
bengali,11,bengali_011,BHSig260-Bengali/BHSig260-Bengali/11/B-S-11-F-06.tif,B-S-11-F-06.tif,0,6,train
bengali,11,bengali_011,BHSig260-Bengali/BHSig260-Bengali/11/B-S-11-F-07.tif,B-S-11-F-07.tif,0,7,train
bengali,11,bengali_011,BHSig260-Bengali/BHSig260-Bengali/11/B-S-11-F-08.tif,B-S-11-F-08.tif,0,8,train
bengali,11,bengali_011,BHSig260-Bengali/BHSig260-Bengali/11/B-S-11-F-09.tif,B-S-11-F-09.tif,0,9,train
bengali,11,bengali_011,BHSig260-Bengali/BHSig260-Bengali/11/B-S-11-F-10.tif,B-S-11-F-10.tif,0,10,train
bengali,13,bengali_013,BHSig260-Bengali/BHSig260-Bengali/13/B-S-13-G-01.tif,B-S-13-G-01.tif,1,1,train
bengali,13,bengali_013,BHSig260-Bengali/BHSig260-Bengali/13/B-S-13-G-02.tif,B-S-13-G-02.tif,1,2,train
bengali,13,bengali_013,BHSig260-Bengali/BHSig260-Bengali/13/B-S-13-G-03.tif,B-S-13-G-03.tif,1,3,train
bengali,13,bengali_013,BHSig260-Bengali/BHSig260-Bengali/13/B-S-13-G-04.tif,B-S-13-G-04.tif,1,4,train
bengali,13,bengali_013,BHSig260-Bengali/BHSig260-Bengali/13/B-S-13-G-05.tif,B-S-13-G-05.tif,1,5,train
bengali,13,bengali_013,BHSig260-Bengali/BHSig260-Bengali/13/B-S-13-G-06.tif,B-S-13-G-06.tif,1,6,train
bengali,13,bengali_013,BHSig260-Bengali/BHSig260-Bengali/13/B-S-13-G-07.tif,B-S-13-G-07.tif,1,7,train
bengali,13,bengali_013,BHSig260-Bengali/BHSig260-Bengali/13/B-S-13-G-08.tif,B-S-13-G-08.tif,1,8,train
bengali,13,bengali_013,BHSig260-Bengali/BHSig260-Bengali/13/B-S-13-G-09.tif,B-S-13-G-09.tif,1,9,train
bengali,13,bengali_013,BHSig260-Bengali/BHSig260-Bengali/13/B-S-13-G-10.tif,B-S-13-G-10.tif,1,10,train
bengali,13,bengali_013,BHSig260-Bengali/BHSig260-Bengali/13/B-S-13-F-01.tif,B-S-13-F-01.tif,0,1,train
bengali,13,bengali_013,BHSig260-Bengali/BHSig260-Bengali/13/B-S-13-F-02.tif,B-S-13-F-02.tif,0,2,train
bengali,13,bengali_013,BHSig260-Bengali/BHSig260-Bengali/13/B-S-13-F-03.tif,B-S-13-F-03.tif,0,3,train
bengali,13,bengali_013,BHSig260-Bengali/BHSig260-Bengali/13/B-S-13-F-04.tif,B-S-13-F-04.tif,0,4,train
bengali,13,bengali_013,BHSig260-Bengali/BHSig260-Bengali/13/B-S-13-F-05.tif,B-S-13-F-05.tif,0,5,train
bengali,13,bengali_013,BHSig260-Bengali/BHSig260-Bengali/13/B-S-13-F-06.tif,B-S-13-F-06.tif,0,6,train
bengali,13,bengali_013,BHSig260-Bengali/BHSig260-Bengali/13/B-S-13-F-07.tif,B-S-13-F-07.tif,0,7,train
bengali,13,bengali_013,BHSig260-Bengali/BHSig260-Bengali/13/B-S-13-F-08.tif,B-S-13-F-08.tif,0,8,train
bengali,13,bengali_013,BHSig260-Bengali/BHSig260-Bengali/13/B-S-13-F-09.tif,B-S-13-F-09.tif,0,9,train
bengali,13,bengali_013,BHSig260-Bengali/BHSig260-Bengali/13/B-S-13-F-10.tif,B-S-13-F-10.tif,0,10,train
bengali,14,bengali_014,BHSig260-Bengali/BHSig260-Bengali/14/B-S-14-G-01.tif,B-S-14-G-01.tif,1,1,train
bengali,14,bengali_014,BHSig260-Bengali/BHSig260-Bengali/14/B-S-14-G-02.tif,B-S-14-G-02.tif,1,2,train
bengali,14,bengali_014,BHSig260-Bengali/BHSig260-Bengali/14/B-S-14-G-03.tif,B-S-14-G-03.tif,1,3,train
bengali,14,bengali_014,BHSig260-Bengali/BHSig260-Bengali/14/B-S-14-G-04.tif,B-S-14-G-04.tif,1,4,train
bengali,14,bengali_014,BHSig260-Bengali/BHSig260-Bengali/14/B-S-14-G-05.tif,B-S-14-G-05.tif,1,5,train
bengali,14,bengali_014,BHSig260-Bengali/BHSig260-Bengali/14/B-S-14-G-06.tif,B-S-14-G-06.tif,1,6,train
bengali,14,bengali_014,BHSig260-Bengali/BHSig260-Bengali/14/B-S-14-G-07.tif,B-S-14-G-07.tif,1,7,train
bengali,14,bengali_014,BHSig260-Bengali/BHSig260-Bengali/14/B-S-14-G-08.tif,B-S-14-G-08.tif,1,8,train
bengali,14,bengali_014,BHSig260-Bengali/BHSig260-Bengali/14/B-S-14-G-09.tif,B-S-14-G-09.tif,1,9,train
bengali,14,bengali_014,BHSig260-Bengali/BHSig260-Bengali/14/B-S-14-G-10.tif,B-S-14-G-10.tif,1,10,train
bengali,14,bengali_014,BHSig260-Bengali/BHSig260-Bengali/14/B-S-14-F-01.tif,B-S-14-F-01.tif,0,1,train
bengali,14,bengali_014,BHSig260-Bengali/BHSig260-Bengali/14/B-S-14-F-02.tif,B-S-14-F-02.tif,0,2,train
bengali,14,bengali_014,BHSig260-Bengali/BHSig260-Bengali/14/B-S-14-F-03.tif,B-S-14-F-03.tif,0,3,train
bengali,14,bengali_014,BHSig260-Bengali/BHSig260-Bengali/14/B-S-14-F-04.tif,B-S-14-F-04.tif,0,4,train
bengali,14,bengali_014,BHSig260-Bengali/BHSig260-Bengali/14/B-S-14-F-05.tif,B-S-14-F-05.tif,0,5,train
bengali,14,bengali_014,BHSig260-Bengali/BHSig260-Bengali/14/B-S-14-F-06.tif,B-S-14-F-06.tif,0,6,train
bengali,14,bengali_014,BHSig260-Bengali/BHSig260-Bengali/14/B-S-14-F-07.tif,B-S-14-F-07.tif,0,7,train
bengali,14,bengali_014,BHSig260-Bengali/BHSig260-Bengali/14/B-S-14-F-08.tif,B-S-14-F-08.tif,0,8,train
bengali,14,bengali_014,BHSig260-Bengali/BHSig260-Bengali/14/B-S-14-F-09.tif,B-S-14-F-09.tif,0,9,train
bengali,14,bengali_014,BHSig260-Bengali/BHSig260-Bengali/14/B-S-14-F-10.tif,B-S-14-F-10.tif,0,10,train
bengali,15,bengali_015,BHSig260-Bengali/BHSig260-Bengali/15/B-S-15-G-01.tif,B-S-15-G-01.tif,1,1,train
bengali,15,bengali_015,BHSig260-Bengali/BHSig260-Bengali/15/B-S-15-G-02.tif,B-S-15-G-02.tif,1,2,train
bengali,15,bengali_015,BHSig260-Bengali/BHSig260-Bengali/15/B-S-15-G-03.tif,B-S-15-G-03.tif,1,3,train
bengali,15,bengali_015,BHSig260-Bengali/BHSig260-Bengali/15/B-S-15-G-04.tif,B-S-15-G-04.tif,1,4,train
bengali,15,bengali_015,BHSig260-Bengali/BHSig260-Bengali/15/B-S-15-G-05.tif,B-S-15-G-05.tif,1,5,train
bengali,15,bengali_015,BHSig260-Bengali/BHSig260-Bengali/15/B-S-15-G-06.tif,B-S-15-G-06.tif,1,6,train
bengali,15,bengali_015,BHSig260-Bengali/BHSig260-Bengali/15/B-S-15-G-07.tif,B-S-15-G-07.tif,1,7,train
bengali,15,bengali_015,BHSig260-Bengali/BHSig260-Bengali/15/B-S-15-G-08.tif,B-S-15-G-08.tif,1,8,train
bengali,15,bengali_015,BHSig260-Bengali/BHSig260-Bengali/15/B-S-15-G-09.tif,B-S-15-G-09.tif,1,9,train
bengali,15,bengali_015,BHSig260-Bengali/BHSig260-Bengali/15/B-S-15-G-10.tif,B-S-15-G-10.tif,1,10,train
bengali,15,bengali_015,BHSig260-Bengali/BHSig260-Bengali/15/B-S-15-F-01.tif,B-S-15-F-01.tif,0,1,train
bengali,15,bengali_015,BHSig260-Bengali/BHSig260-Bengali/15/B-S-15-F-02.tif,B-S-15-F-02.tif,0,2,train
bengali,15,bengali_015,BHSig260-Bengali/BHSig260-Bengali/15/B-S-15-F-03.tif,B-S-15-F-03.tif,0,3,train
bengali,15,bengali_015,BHSig260-Bengali/BHSig260-Bengali/15/B-S-15-F-04.tif,B-S-15-F-04.tif,0,4,train
bengali,15,bengali_015,BHSig260-Bengali/BHSig260-Bengali/15/B-S-15-F-05.tif,B-S-15-F-05.tif,0,5,train
bengali,15,bengali_015,BHSig260-Bengali/BHSig260-Bengali/15/B-S-15-F-06.tif,B-S-15-F-06.tif,0,6,train
bengali,15,bengali_015,BHSig260-Bengali/BHSig260-Bengali/15/B-S-15-F-07.tif,B-S-15-F-07.tif,0,7,train
bengali,15,bengali_015,BHSig260-Bengali/BHSig260-Bengali/15/B-S-15-F-08.tif,B-S-15-F-08.tif,0,8,train
bengali,15,bengali_015,BHSig260-Bengali/BHSig260-Bengali/15/B-S-15-F-09.tif,B-S-15-F-09.tif,0,9,train
bengali,15,bengali_015,BHSig260-Bengali/BHSig260-Bengali/15/B-S-15-F-10.tif,B-S-15-F-10.tif,0,10,train
bengali,16,bengali_016,BHSig260-Bengali/BHSig260-Bengali/16/B-S-16-G-01.tif,B-S-16-G-01.tif,1,1,train
bengali,16,bengali_016,BHSig260-Bengali/BHSig260-Bengali/16/B-S-16-G-02.tif,B-S-16-G-02.tif,1,2,train
bengali,16,bengali_016,BHSig260-Bengali/BHSig260-Bengali/16/B-S-16-G-03.tif,B-S-16-G-03.tif,1,3,train
bengali,16,bengali_016,BHSig260-Bengali/BHSig260-Bengali/16/B-S-16-G-04.tif,B-S-16-G-04.tif,1,4,train
bengali,16,bengali_016,BHSig260-Bengali/BHSig260-Bengali/16/B-S-16-G-05.tif,B-S-16-G-05.tif,1,5,train
bengali,16,bengali_016,BHSig260-Bengali/BHSig260-Bengali/16/B-S-16-G-06.tif,B-S-16-G-06.tif,1,6,train
bengali,16,bengali_016,BHSig260-Bengali/BHSig260-Bengali/16/B-S-16-G-07.tif,B-S-16-G-07.tif,1,7,train
bengali,16,bengali_016,BHSig260-Bengali/BHSig260-Bengali/16/B-S-16-G-08.tif,B-S-16-G-08.tif,1,8,train
bengali,16,bengali_016,BHSig260-Bengali/BHSig260-Bengali/16/B-S-16-G-09.tif,B-S-16-G-09.tif,1,9,train
bengali,16,bengali_016,BHSig260-Bengali/BHSig260-Bengali/16/B-S-16-G-10.tif,B-S-16-G-10.tif,1,10,train
bengali,16,bengali_016,BHSig260-Bengali/BHSig260-Bengali/16/B-S-16-F-01.tif,B-S-16-F-01.tif,0,1,train
bengali,16,bengali_016,BHSig260-Bengali/BHSig260-Bengali/16/B-S-16-F-02.tif,B-S-16-F-02.tif,0,2,train
bengali,16,bengali_016,BHSig260-Bengali/BHSig260-Bengali/16/B-S-16-F-03.tif,B-S-16-F-03.tif,0,3,train
bengali,16,bengali_016,BHSig260-Bengali/BHSig260-Bengali/16/B-S-16-F-04.tif,B-S-16-F-04.tif,0,4,train
bengali,16,bengali_016,BHSig260-Bengali/BHSig260-Bengali/16/B-S-16-F-05.tif,B-S-16-F-05.tif,0,5,train
bengali,16,bengali_016,BHSig260-Bengali/BHSig260-Bengali/16/B-S-16-F-06.tif,B-S-16-F-06.tif,0,6,train
bengali,16,bengali_016,BHSig260-Bengali/BHSig260-Bengali/16/B-S-16-F-07.tif,B-S-16-F-07.tif,0,7,train
bengali,16,bengali_016,BHSig260-Bengali/BHSig260-Bengali/16/B-S-16-F-08.tif,B-S-16-F-08.tif,0,8,train
bengali,16,bengali_016,BHSig260-Bengali/BHSig260-Bengali/16/B-S-16-F-09.tif,B-S-16-F-09.tif,0,9,train
bengali,16,bengali_016,BHSig260-Bengali/BHSig260-Bengali/16/B-S-16-F-10.tif,B-S-16-F-10.tif,0,10,train
bengali,18,bengali_018,BHSig260-Bengali/BHSig260-Bengali/18/B-S-18-G-01.tif,B-S-18-G-01.tif,1,1,train
bengali,18,bengali_018,BHSig260-Bengali/BHSig260-Bengali/18/B-S-18-G-02.tif,B-S-18-G-02.tif,1,2,train
bengali,18,bengali_018,BHSig260-Bengali/BHSig260-Bengali/18/B-S-18-G-03.tif,B-S-18-G-03.tif,1,3,train
bengali,18,bengali_018,BHSig260-Bengali/BHSig260-Bengali/18/B-S-18-G-04.tif,B-S-18-G-04.tif,1,4,train
bengali,18,bengali_018,BHSig260-Bengali/BHSig260-Bengali/18/B-S-18-G-05.tif,B-S-18-G-05.tif,1,5,train
bengali,18,bengali_018,BHSig260-Bengali/BHSig260-Bengali/18/B-S-18-G-06.tif,B-S-18-G-06.tif,1,6,train
bengali,18,bengali_018,BHSig260-Bengali/BHSig260-Bengali/18/B-S-18-G-07.tif,B-S-18-G-07.tif,1,7,train
bengali,18,bengali_018,BHSig260-Bengali/BHSig260-Bengali/18/B-S-18-G-08.tif,B-S-18-G-08.tif,1,8,train
bengali,18,bengali_018,BHSig260-Bengali/BHSig260-Bengali/18/B-S-18-G-09.tif,B-S-18-G-09.tif,1,9,train
bengali,18,bengali_018,BHSig260-Bengali/BHSig260-Bengali/18/B-S-18-G-10.tif,B-S-18-G-10.tif,1,10,train
bengali,18,bengali_018,BHSig260-Bengali/BHSig260-Bengali/18/B-S-18-F-01.tif,B-S-18-F-01.tif,0,1,train
bengali,18,bengali_018,BHSig260-Bengali/BHSig260-Bengali/18/B-S-18-F-02.tif,B-S-18-F-02.tif,0,2,train
bengali,18,bengali_018,BHSig260-Bengali/BHSig260-Bengali/18/B-S-18-F-03.tif,B-S-18-F-03.tif,0,3,train
bengali,18,bengali_018,BHSig260-Bengali/BHSig260-Bengali/18/B-S-18-F-04.tif,B-S-18-F-04.tif,0,4,train
bengali,18,bengali_018,BHSig260-Bengali/BHSig260-Bengali/18/B-S-18-F-05.tif,B-S-18-F-05.tif,0,5,train
bengali,18,bengali_018,BHSig260-Bengali/BHSig260-Bengali/18/B-S-18-F-06.tif,B-S-18-F-06.tif,0,6,train
bengali,18,bengali_018,BHSig260-Bengali/BHSig260-Bengali/18/B-S-18-F-07.tif,B-S-18-F-07.tif,0,7,train
bengali,18,bengali_018,BHSig260-Bengali/BHSig260-Bengali/18/B-S-18-F-08.tif,B-S-18-F-08.tif,0,8,train
bengali,18,bengali_018,BHSig260-Bengali/BHSig260-Bengali/18/B-S-18-F-09.tif,B-S-18-F-09.tif,0,9,train
bengali,18,bengali_018,BHSig260-Bengali/BHSig260-Bengali/18/B-S-18-F-10.tif,B-S-18-F-10.tif,0,10,train
bengali,19,bengali_019,BHSig260-Bengali/BHSig260-Bengali/19/B-S-19-G-01.tif,B-S-19-G-01.tif,1,1,train
bengali,19,bengali_019,BHSig260-Bengali/BHSig260-Bengali/19/B-S-19-G-02.tif,B-S-19-G-02.tif,1,2,train
bengali,19,bengali_019,BHSig260-Bengali/BHSig260-Bengali/19/B-S-19-G-03.tif,B-S-19-G-03.tif,1,3,train
bengali,19,bengali_019,BHSig260-Bengali/BHSig260-Bengali/19/B-S-19-G-04.tif,B-S-19-G-04.tif,1,4,train
bengali,19,bengali_019,BHSig260-Bengali/BHSig260-Bengali/19/B-S-19-G-05.tif,B-S-19-G-05.tif,1,5,train
bengali,19,bengali_019,BHSig260-Bengali/BHSig260-Bengali/19/B-S-19-G-06.tif,B-S-19-G-06.tif,1,6,train
bengali,19,bengali_019,BHSig260-Bengali/BHSig260-Bengali/19/B-S-19-G-07.tif,B-S-19-G-07.tif,1,7,train
bengali,19,bengali_019,BHSig260-Bengali/BHSig260-Bengali/19/B-S-19-G-08.tif,B-S-19-G-08.tif,1,8,train
bengali,19,bengali_019,BHSig260-Bengali/BHSig260-Bengali/19/B-S-19-G-09.tif,B-S-19-G-09.tif,1,9,train
bengali,19,bengali_019,BHSig260-Bengali/BHSig260-Bengali/19/B-S-19-G-10.tif,B-S-19-G-10.tif,1,10,train
bengali,19,bengali_019,BHSig260-Bengali/BHSig260-Bengali/19/B-S-19-F-01.tif,B-S-19-F-01.tif,0,1,train
bengali,19,bengali_019,BHSig260-Bengali/BHSig260-Bengali/19/B-S-19-F-02.tif,B-S-19-F-02.tif,0,2,train
bengali,19,bengali_019,BHSig260-Bengali/BHSig260-Bengali/19/B-S-19-F-03.tif,B-S-19-F-03.tif,0,3,train
bengali,19,bengali_019,BHSig260-Bengali/BHSig260-Bengali/19/B-S-19-F-04.tif,B-S-19-F-04.tif,0,4,train
bengali,19,bengali_019,BHSig260-Bengali/BHSig260-Bengali/19/B-S-19-F-05.tif,B-S-19-F-05.tif,0,5,train
bengali,19,bengali_019,BHSig260-Bengali/BHSig260-Bengali/19/B-S-19-F-06.tif,B-S-19-F-06.tif,0,6,train
bengali,19,bengali_019,BHSig260-Bengali/BHSig260-Bengali/19/B-S-19-F-07.tif,B-S-19-F-07.tif,0,7,train
bengali,19,bengali_019,BHSig260-Bengali/BHSig260-Bengali/19/B-S-19-F-08.tif,B-S-19-F-08.tif,0,8,train
bengali,19,bengali_019,BHSig260-Bengali/BHSig260-Bengali/19/B-S-19-F-09.tif,B-S-19-F-09.tif,0,9,train
bengali,19,bengali_019,BHSig260-Bengali/BHSig260-Bengali/19/B-S-19-F-10.tif,B-S-19-F-10.tif,0,10,train
bengali,20,bengali_020,BHSig260-Bengali/BHSig260-Bengali/20/B-S-20-G-01.tif,B-S-20-G-01.tif,1,1,train
bengali,20,bengali_020,BHSig260-Bengali/BHSig260-Bengali/20/B-S-20-G-02.tif,B-S-20-G-02.tif,1,2,train
bengali,20,bengali_020,BHSig260-Bengali/BHSig260-Bengali/20/B-S-20-G-03.tif,B-S-20-G-03.tif,1,3,train
bengali,20,bengali_020,BHSig260-Bengali/BHSig260-Bengali/20/B-S-20-G-04.tif,B-S-20-G-04.tif,1,4,train
bengali,20,bengali_020,BHSig260-Bengali/BHSig260-Bengali/20/B-S-20-G-05.tif,B-S-20-G-05.tif,1,5,train
bengali,20,bengali_020,BHSig260-Bengali/BHSig260-Bengali/20/B-S-20-G-06.tif,B-S-20-G-06.tif,1,6,train
bengali,20,bengali_020,BHSig260-Bengali/BHSig260-Bengali/20/B-S-20-G-07.tif,B-S-20-G-07.tif,1,7,train
bengali,20,bengali_020,BHSig260-Bengali/BHSig260-Bengali/20/B-S-20-G-08.tif,B-S-20-G-08.tif,1,8,train
bengali,20,bengali_020,BHSig260-Bengali/BHSig260-Bengali/20/B-S-20-G-09.tif,B-S-20-G-09.tif,1,9,train
bengali,20,bengali_020,BHSig260-Bengali/BHSig260-Bengali/20/B-S-20-G-10.tif,B-S-20-G-10.tif,1,10,train
bengali,20,bengali_020,BHSig260-Bengali/BHSig260-Bengali/20/B-S-20-F-01.tif,B-S-20-F-01.tif,0,1,train
bengali,20,bengali_020,BHSig260-Bengali/BHSig260-Bengali/20/B-S-20-F-02.tif,B-S-20-F-02.tif,0,2,train
bengali,20,bengali_020,BHSig260-Bengali/BHSig260-Bengali/20/B-S-20-F-03.tif,B-S-20-F-03.tif,0,3,train
bengali,20,bengali_020,BHSig260-Bengali/BHSig260-Bengali/20/B-S-20-F-04.tif,B-S-20-F-04.tif,0,4,train
bengali,20,bengali_020,BHSig260-Bengali/BHSig260-Bengali/20/B-S-20-F-05.tif,B-S-20-F-05.tif,0,5,train
bengali,20,bengali_020,BHSig260-Bengali/BHSig260-Bengali/20/B-S-20-F-06.tif,B-S-20-F-06.tif,0,6,train
bengali,20,bengali_020,BHSig260-Bengali/BHSig260-Bengali/20/B-S-20-F-07.tif,B-S-20-F-07.tif,0,7,train
bengali,20,bengali_020,BHSig260-Bengali/BHSig260-Bengali/20/B-S-20-F-08.tif,B-S-20-F-08.tif,0,8,train
bengali,20,bengali_020,BHSig260-Bengali/BHSig260-Bengali/20/B-S-20-F-09.tif,B-S-20-F-09.tif,0,9,train
bengali,20,bengali_020,BHSig260-Bengali/BHSig260-Bengali/20/B-S-20-F-10.tif,B-S-20-F-10.tif,0,10,train
hindi,1,hindi_001,BHSig260-Hindi/BHSig260-Hindi/1/H-S-1-G-01.tif,H-S-1-G-01.tif,1,1,train
hindi,1,hindi_001,BHSig260-Hindi/BHSig260-Hindi/1/H-S-1-G-02.tif,H-S-1-G-02.tif,1,2,train
hindi,1,hindi_001,BHSig260-Hindi/BHSig260-Hindi/1/H-S-1-G-03.tif,H-S-1-G-03.tif,1,3,train
hindi,1,hindi_001,BHSig260-Hindi/BHSig260-Hindi/1/H-S-1-G-04.tif,H-S-1-G-04.tif,1,4,train
hindi,1,hindi_001,BHSig260-Hindi/BHSig260-Hindi/1/H-S-1-G-05.tif,H-S-1-G-05.tif,1,5,train
hindi,1,hindi_001,BHSig260-Hindi/BHSig260-Hindi/1/H-S-1-G-06.tif,H-S-1-G-06.tif,1,6,train
hindi,1,hindi_001,BHSig260-Hindi/BHSig260-Hindi/1/H-S-1-G-07.tif,H-S-1-G-07.tif,1,7,train
hindi,1,hindi_001,BHSig260-Hindi/BHSig260-Hindi/1/H-S-1-G-08.tif,H-S-1-G-08.tif,1,8,train
hindi,1,hindi_001,BHSig260-Hindi/BHSig260-Hindi/1/H-S-1-G-09.tif,H-S-1-G-09.tif,1,9,train
hindi,1,hindi_001,BHSig260-Hindi/BHSig260-Hindi/1/H-S-1-G-10.tif,H-S-1-G-10.tif,1,10,train
hindi,1,hindi_001,BHSig260-Hindi/BHSig260-Hindi/1/H-S-1-F-01.tif,H-S-1-F-01.tif,0,1,train
hindi,1,hindi_001,BHSig260-Hindi/BHSig260-Hindi/1/H-S-1-F-02.tif,H-S-1-F-02.tif,0,2,train
hindi,1,hindi_001,BHSig260-Hindi/BHSig260-Hindi/1/H-S-1-F-03.tif,H-S-1-F-03.tif,0,3,train
hindi,1,hindi_001,BHSig260-Hindi/BHSig260-Hindi/1/H-S-1-F-04.tif,H-S-1-F-04.tif,0,4,train
hindi,1,hindi_001,BHSig260-Hindi/BHSig260-Hindi/1/H-S-1-F-05.tif,H-S-1-F-05.tif,0,5,train
hindi,1,hindi_001,BHSig260-Hindi/BHSig260-Hindi/1/H-S-1-F-06.tif,H-S-1-F-06.tif,0,6,train
hindi,1,hindi_001,BHSig260-Hindi/BHSig260-Hindi/1/H-S-1-F-07.tif,H-S-1-F-07.tif,0,7,train
hindi,1,hindi_001,BHSig260-Hindi/BHSig260-Hindi/1/H-S-1-F-08.tif,H-S-1-F-08.tif,0,8,train
hindi,1,hindi_001,BHSig260-Hindi/BHSig260-Hindi/1/H-S-1-F-09.tif,H-S-1-F-09.tif,0,9,train
hindi,1,hindi_001,BHSig260-Hindi/BHSig260-Hindi/1/H-S-1-F-10.tif,H-S-1-F-10.tif,0,10,train
hindi,3,hindi_003,BHSig260-Hindi/BHSig260-Hindi/3/H-S-3-G-01.tif,H-S-3-G-01.tif,1,1,train
hindi,3,hindi_003,BHSig260-Hindi/BHSig260-Hindi/3/H-S-3-G-02.tif,H-S-3-G-02.tif,1,2,train
hindi,3,hindi_003,BHSig260-Hindi/BHSig260-Hindi/3/H-S-3-G-03.tif,H-S-3-G-03.tif,1,3,train
hindi,3,hindi_003,BHSig260-Hindi/BHSig260-Hindi/3/H-S-3-G-04.tif,H-S-3-G-04.tif,1,4,train
hindi,3,hindi_003,BHSig260-Hindi/BHSig260-Hindi/3/H-S-3-G-05.tif,H-S-3-G-05.tif,1,5,train
hindi,3,hindi_003,BHSig260-Hindi/BHSig260-Hindi/3/H-S-3-G-06.tif,H-S-3-G-06.tif,1,6,train
hindi,3,hindi_003,BHSig260-Hindi/BHSig260-Hindi/3/H-S-3-G-07.tif,H-S-3-G-07.tif,1,7,train
hindi,3,hindi_003,BHSig260-Hindi/BHSig260-Hindi/3/H-S-3-G-08.tif,H-S-3-G-08.tif,1,8,train
hindi,3,hindi_003,BHSig260-Hindi/BHSig260-Hindi/3/H-S-3-G-09.tif,H-S-3-G-09.tif,1,9,train
hindi,3,hindi_003,BHSig260-Hindi/BHSig260-Hindi/3/H-S-3-G-10.tif,H-S-3-G-10.tif,1,10,train
hindi,3,hindi_003,BHSig260-Hindi/BHSig260-Hindi/3/H-S-3-F-01.tif,H-S-3-F-01.tif,0,1,train
hindi,3,hindi_003,BHSig260-Hindi/BHSig260-Hindi/3/H-S-3-F-02.tif,H-S-3-F-02.tif,0,2,train
hindi,3,hindi_003,BHSig260-Hindi/BHSig260-Hindi/3/H-S-3-F-03.tif,H-S-3-F-03.tif,0,3,train
hindi,3,hindi_003,BHSig260-Hindi/BHSig260-Hindi/3/H-S-3-F-04.tif,H-S-3-F-04.tif,0,4,train
hindi,3,hindi_003,BHSig260-Hindi/BHSig260-Hindi/3/H-S-3-F-05.tif,H-S-3-F-05.tif,0,5,train
hindi,3,hindi_003,BHSig260-Hindi/BHSig260-Hindi/3/H-S-3-F-06.tif,H-S-3-F-06.tif,0,6,train
hindi,3,hindi_003,BHSig260-Hindi/BHSig260-Hindi/3/H-S-3-F-07.tif,H-S-3-F-07.tif,0,7,train
hindi,3,hindi_003,BHSig260-Hindi/BHSig260-Hindi/3/H-S-3-F-08.tif,H-S-3-F-08.tif,0,8,train
hindi,3,hindi_003,BHSig260-Hindi/BHSig260-Hindi/3/H-S-3-F-09.tif,H-S-3-F-09.tif,0,9,train
hindi,3,hindi_003,BHSig260-Hindi/BHSig260-Hindi/3/H-S-3-F-10.tif,H-S-3-F-10.tif,0,10,train
hindi,4,hindi_004,BHSig260-Hindi/BHSig260-Hindi/4/H-S-4-G-01.tif,H-S-4-G-01.tif,1,1,train
hindi,4,hindi_004,BHSig260-Hindi/BHSig260-Hindi/4/H-S-4-G-02.tif,H-S-4-G-02.tif,1,2,train
hindi,4,hindi_004,BHSig260-Hindi/BHSig260-Hindi/4/H-S-4-G-03.tif,H-S-4-G-03.tif,1,3,train
hindi,4,hindi_004,BHSig260-Hindi/BHSig260-Hindi/4/H-S-4-G-04.tif,H-S-4-G-04.tif,1,4,train
hindi,4,hindi_004,BHSig260-Hindi/BHSig260-Hindi/4/H-S-4-G-05.tif,H-S-4-G-05.tif,1,5,train
hindi,4,hindi_004,BHSig260-Hindi/BHSig260-Hindi/4/H-S-4-G-06.tif,H-S-4-G-06.tif,1,6,train
hindi,4,hindi_004,BHSig260-Hindi/BHSig260-Hindi/4/H-S-4-G-07.tif,H-S-4-G-07.tif,1,7,train
hindi,4,hindi_004,BHSig260-Hindi/BHSig260-Hindi/4/H-S-4-G-08.tif,H-S-4-G-08.tif,1,8,train
hindi,4,hindi_004,BHSig260-Hindi/BHSig260-Hindi/4/H-S-4-G-09.tif,H-S-4-G-09.tif,1,9,train
hindi,4,hindi_004,BHSig260-Hindi/BHSig260-Hindi/4/H-S-4-G-10.tif,H-S-4-G-10.tif,1,10,train
hindi,4,hindi_004,BHSig260-Hindi/BHSig260-Hindi/4/H-S-4-F-01.tif,H-S-4-F-01.tif,0,1,train
hindi,4,hindi_004,BHSig260-Hindi/BHSig260-Hindi/4/H-S-4-F-02.tif,H-S-4-F-02.tif,0,2,train
hindi,4,hindi_004,BHSig260-Hindi/BHSig260-Hindi/4/H-S-4-F-03.tif,H-S-4-F-03.tif,0,3,train
hindi,4,hindi_004,BHSig260-Hindi/BHSig260-Hindi/4/H-S-4-F-04.tif,H-S-4-F-04.tif,0,4,train
hindi,4,hindi_004,BHSig260-Hindi/BHSig260-Hindi/4/H-S-4-F-05.tif,H-S-4-F-05.tif,0,5,train
hindi,4,hindi_004,BHSig260-Hindi/BHSig260-Hindi/4/H-S-4-F-06.tif,H-S-4-F-06.tif,0,6,train
hindi,4,hindi_004,BHSig260-Hindi/BHSig260-Hindi/4/H-S-4-F-07.tif,H-S-4-F-07.tif,0,7,train
hindi,4,hindi_004,BHSig260-Hindi/BHSig260-Hindi/4/H-S-4-F-08.tif,H-S-4-F-08.tif,0,8,train
hindi,4,hindi_004,BHSig260-Hindi/BHSig260-Hindi/4/H-S-4-F-09.tif,H-S-4-F-09.tif,0,9,train
hindi,4,hindi_004,BHSig260-Hindi/BHSig260-Hindi/4/H-S-4-F-10.tif,H-S-4-F-10.tif,0,10,train
hindi,6,hindi_006,BHSig260-Hindi/BHSig260-Hindi/6/H-S-6-G-01.tif,H-S-6-G-01.tif,1,1,train
hindi,6,hindi_006,BHSig260-Hindi/BHSig260-Hindi/6/H-S-6-G-02.tif,H-S-6-G-02.tif,1,2,train
hindi,6,hindi_006,BHSig260-Hindi/BHSig260-Hindi/6/H-S-6-G-03.tif,H-S-6-G-03.tif,1,3,train
hindi,6,hindi_006,BHSig260-Hindi/BHSig260-Hindi/6/H-S-6-G-04.tif,H-S-6-G-04.tif,1,4,train
hindi,6,hindi_006,BHSig260-Hindi/BHSig260-Hindi/6/H-S-6-G-05.tif,H-S-6-G-05.tif,1,5,train
hindi,6,hindi_006,BHSig260-Hindi/BHSig260-Hindi/6/H-S-6-G-06.tif,H-S-6-G-06.tif,1,6,train
hindi,6,hindi_006,BHSig260-Hindi/BHSig260-Hindi/6/H-S-6-G-07.tif,H-S-6-G-07.tif,1,7,train
hindi,6,hindi_006,BHSig260-Hindi/BHSig260-Hindi/6/H-S-6-G-08.tif,H-S-6-G-08.tif,1,8,train
hindi,6,hindi_006,BHSig260-Hindi/BHSig260-Hindi/6/H-S-6-G-09.tif,H-S-6-G-09.tif,1,9,train
hindi,6,hindi_006,BHSig260-Hindi/BHSig260-Hindi/6/H-S-6-G-10.tif,H-S-6-G-10.tif,1,10,train
hindi,6,hindi_006,BHSig260-Hindi/BHSig260-Hindi/6/H-S-6-F-01.tif,H-S-6-F-01.tif,0,1,train
hindi,6,hindi_006,BHSig260-Hindi/BHSig260-Hindi/6/H-S-6-F-02.tif,H-S-6-F-02.tif,0,2,train
hindi,6,hindi_006,BHSig260-Hindi/BHSig260-Hindi/6/H-S-6-F-03.tif,H-S-6-F-03.tif,0,3,train
hindi,6,hindi_006,BHSig260-Hindi/BHSig260-Hindi/6/H-S-6-F-04.tif,H-S-6-F-04.tif,0,4,train
hindi,6,hindi_006,BHSig260-Hindi/BHSig260-Hindi/6/H-S-6-F-05.tif,H-S-6-F-05.tif,0,5,train
hindi,6,hindi_006,BHSig260-Hindi/BHSig260-Hindi/6/H-S-6-F-06.tif,H-S-6-F-06.tif,0,6,train
hindi,6,hindi_006,BHSig260-Hindi/BHSig260-Hindi/6/H-S-6-F-07.tif,H-S-6-F-07.tif,0,7,train
hindi,6,hindi_006,BHSig260-Hindi/BHSig260-Hindi/6/H-S-6-F-08.tif,H-S-6-F-08.tif,0,8,train
hindi,6,hindi_006,BHSig260-Hindi/BHSig260-Hindi/6/H-S-6-F-09.tif,H-S-6-F-09.tif,0,9,train
hindi,6,hindi_006,BHSig260-Hindi/BHSig260-Hindi/6/H-S-6-F-10.tif,H-S-6-F-10.tif,0,10,train
hindi,7,hindi_007,BHSig260-Hindi/BHSig260-Hindi/7/H-S-7-G-01.tif,H-S-7-G-01.tif,1,1,train
hindi,7,hindi_007,BHSig260-Hindi/BHSig260-Hindi/7/H-S-7-G-02.tif,H-S-7-G-02.tif,1,2,train
hindi,7,hindi_007,BHSig260-Hindi/BHSig260-Hindi/7/H-S-7-G-03.tif,H-S-7-G-03.tif,1,3,train
hindi,7,hindi_007,BHSig260-Hindi/BHSig260-Hindi/7/H-S-7-G-04.tif,H-S-7-G-04.tif,1,4,train
hindi,7,hindi_007,BHSig260-Hindi/BHSig260-Hindi/7/H-S-7-G-05.tif,H-S-7-G-05.tif,1,5,train
hindi,7,hindi_007,BHSig260-Hindi/BHSig260-Hindi/7/H-S-7-G-06.tif,H-S-7-G-06.tif,1,6,train
hindi,7,hindi_007,BHSig260-Hindi/BHSig260-Hindi/7/H-S-7-G-07.tif,H-S-7-G-07.tif,1,7,train
hindi,7,hindi_007,BHSig260-Hindi/BHSig260-Hindi/7/H-S-7-G-08.tif,H-S-7-G-08.tif,1,8,train
hindi,7,hindi_007,BHSig260-Hindi/BHSig260-Hindi/7/H-S-7-G-09.tif,H-S-7-G-09.tif,1,9,train
hindi,7,hindi_007,BHSig260-Hindi/BHSig260-Hindi/7/H-S-7-G-10.tif,H-S-7-G-10.tif,1,10,train
hindi,7,hindi_007,BHSig260-Hindi/BHSig260-Hindi/7/H-S-7-F-01.tif,H-S-7-F-01.tif,0,1,train
hindi,7,hindi_007,BHSig260-Hindi/BHSig260-Hindi/7/H-S-7-F-02.tif,H-S-7-F-02.tif,0,2,train
hindi,7,hindi_007,BHSig260-Hindi/BHSig260-Hindi/7/H-S-7-F-03.tif,H-S-7-F-03.tif,0,3,train
hindi,7,hindi_007,BHSig260-Hindi/BHSig260-Hindi/7/H-S-7-F-04.tif,H-S-7-F-04.tif,0,4,train
hindi,7,hindi_007,BHSig260-Hindi/BHSig260-Hindi/7/H-S-7-F-05.tif,H-S-7-F-05.tif,0,5,train
hindi,7,hindi_007,BHSig260-Hindi/BHSig260-Hindi/7/H-S-7-F-06.tif,H-S-7-F-06.tif,0,6,train
hindi,7,hindi_007,BHSig260-Hindi/BHSig260-Hindi/7/H-S-7-F-07.tif,H-S-7-F-07.tif,0,7,train
hindi,7,hindi_007,BHSig260-Hindi/BHSig260-Hindi/7/H-S-7-F-08.tif,H-S-7-F-08.tif,0,8,train
hindi,7,hindi_007,BHSig260-Hindi/BHSig260-Hindi/7/H-S-7-F-09.tif,H-S-7-F-09.tif,0,9,train
hindi,7,hindi_007,BHSig260-Hindi/BHSig260-Hindi/7/H-S-7-F-10.tif,H-S-7-F-10.tif,0,10,train
hindi,8,hindi_008,BHSig260-Hindi/BHSig260-Hindi/8/H-S-8-G-01.tif,H-S-8-G-01.tif,1,1,train
hindi,8,hindi_008,BHSig260-Hindi/BHSig260-Hindi/8/H-S-8-G-02.tif,H-S-8-G-02.tif,1,2,train
hindi,8,hindi_008,BHSig260-Hindi/BHSig260-Hindi/8/H-S-8-G-03.tif,H-S-8-G-03.tif,1,3,train
hindi,8,hindi_008,BHSig260-Hindi/BHSig260-Hindi/8/H-S-8-G-04.tif,H-S-8-G-04.tif,1,4,train
hindi,8,hindi_008,BHSig260-Hindi/BHSig260-Hindi/8/H-S-8-G-05.tif,H-S-8-G-05.tif,1,5,train
hindi,8,hindi_008,BHSig260-Hindi/BHSig260-Hindi/8/H-S-8-G-06.tif,H-S-8-G-06.tif,1,6,train
hindi,8,hindi_008,BHSig260-Hindi/BHSig260-Hindi/8/H-S-8-G-07.tif,H-S-8-G-07.tif,1,7,train
hindi,8,hindi_008,BHSig260-Hindi/BHSig260-Hindi/8/H-S-8-G-08.tif,H-S-8-G-08.tif,1,8,train
hindi,8,hindi_008,BHSig260-Hindi/BHSig260-Hindi/8/H-S-8-G-09.tif,H-S-8-G-09.tif,1,9,train
hindi,8,hindi_008,BHSig260-Hindi/BHSig260-Hindi/8/H-S-8-G-10.tif,H-S-8-G-10.tif,1,10,train
hindi,8,hindi_008,BHSig260-Hindi/BHSig260-Hindi/8/H-S-8-F-01.tif,H-S-8-F-01.tif,0,1,train
hindi,8,hindi_008,BHSig260-Hindi/BHSig260-Hindi/8/H-S-8-F-02.tif,H-S-8-F-02.tif,0,2,train
hindi,8,hindi_008,BHSig260-Hindi/BHSig260-Hindi/8/H-S-8-F-03.tif,H-S-8-F-03.tif,0,3,train
hindi,8,hindi_008,BHSig260-Hindi/BHSig260-Hindi/8/H-S-8-F-04.tif,H-S-8-F-04.tif,0,4,train
hindi,8,hindi_008,BHSig260-Hindi/BHSig260-Hindi/8/H-S-8-F-05.tif,H-S-8-F-05.tif,0,5,train
hindi,8,hindi_008,BHSig260-Hindi/BHSig260-Hindi/8/H-S-8-F-06.tif,H-S-8-F-06.tif,0,6,train
hindi,8,hindi_008,BHSig260-Hindi/BHSig260-Hindi/8/H-S-8-F-07.tif,H-S-8-F-07.tif,0,7,train
hindi,8,hindi_008,BHSig260-Hindi/BHSig260-Hindi/8/H-S-8-F-08.tif,H-S-8-F-08.tif,0,8,train
hindi,8,hindi_008,BHSig260-Hindi/BHSig260-Hindi/8/H-S-8-F-09.tif,H-S-8-F-09.tif,0,9,train
hindi,8,hindi_008,BHSig260-Hindi/BHSig260-Hindi/8/H-S-8-F-10.tif,H-S-8-F-10.tif,0,10,train
hindi,9,hindi_009,BHSig260-Hindi/BHSig260-Hindi/9/H-S-9-G-01.tif,H-S-9-G-01.tif,1,1,train
hindi,9,hindi_009,BHSig260-Hindi/BHSig260-Hindi/9/H-S-9-G-02.tif,H-S-9-G-02.tif,1,2,train
hindi,9,hindi_009,BHSig260-Hindi/BHSig260-Hindi/9/H-S-9-G-03.tif,H-S-9-G-03.tif,1,3,train
hindi,9,hindi_009,BHSig260-Hindi/BHSig260-Hindi/9/H-S-9-G-04.tif,H-S-9-G-04.tif,1,4,train
hindi,9,hindi_009,BHSig260-Hindi/BHSig260-Hindi/9/H-S-9-G-05.tif,H-S-9-G-05.tif,1,5,train
hindi,9,hindi_009,BHSig260-Hindi/BHSig260-Hindi/9/H-S-9-G-06.tif,H-S-9-G-06.tif,1,6,train
hindi,9,hindi_009,BHSig260-Hindi/BHSig260-Hindi/9/H-S-9-G-07.tif,H-S-9-G-07.tif,1,7,train
hindi,9,hindi_009,BHSig260-Hindi/BHSig260-Hindi/9/H-S-9-G-08.tif,H-S-9-G-08.tif,1,8,train
hindi,9,hindi_009,BHSig260-Hindi/BHSig260-Hindi/9/H-S-9-G-09.tif,H-S-9-G-09.tif,1,9,train
hindi,9,hindi_009,BHSig260-Hindi/BHSig260-Hindi/9/H-S-9-G-10.tif,H-S-9-G-10.tif,1,10,train
hindi,9,hindi_009,BHSig260-Hindi/BHSig260-Hindi/9/H-S-9-F-01.tif,H-S-9-F-01.tif,0,1,train
hindi,9,hindi_009,BHSig260-Hindi/BHSig260-Hindi/9/H-S-9-F-02.tif,H-S-9-F-02.tif,0,2,train
hindi,9,hindi_009,BHSig260-Hindi/BHSig260-Hindi/9/H-S-9-F-03.tif,H-S-9-F-03.tif,0,3,train
hindi,9,hindi_009,BHSig260-Hindi/BHSig260-Hindi/9/H-S-9-F-04.tif,H-S-9-F-04.tif,0,4,train
hindi,9,hindi_009,BHSig260-Hindi/BHSig260-Hindi/9/H-S-9-F-05.tif,H-S-9-F-05.tif,0,5,train
hindi,9,hindi_009,BHSig260-Hindi/BHSig260-Hindi/9/H-S-9-F-06.tif,H-S-9-F-06.tif,0,6,train
hindi,9,hindi_009,BHSig260-Hindi/BHSig260-Hindi/9/H-S-9-F-07.tif,H-S-9-F-07.tif,0,7,train
hindi,9,hindi_009,BHSig260-Hindi/BHSig260-Hindi/9/H-S-9-F-08.tif,H-S-9-F-08.tif,0,8,train
hindi,9,hindi_009,BHSig260-Hindi/BHSig260-Hindi/9/H-S-9-F-09.tif,H-S-9-F-09.tif,0,9,train
hindi,9,hindi_009,BHSig260-Hindi/BHSig260-Hindi/9/H-S-9-F-10.tif,H-S-9-F-10.tif,0,10,train
hindi,14,hindi_014,BHSig260-Hindi/BHSig260-Hindi/14/H-S-14-G-01.tif,H-S-14-G-01.tif,1,1,train
hindi,14,hindi_014,BHSig260-Hindi/BHSig260-Hindi/14/H-S-14-G-02.tif,H-S-14-G-02.tif,1,2,train
hindi,14,hindi_014,BHSig260-Hindi/BHSig260-Hindi/14/H-S-14-G-03.tif,H-S-14-G-03.tif,1,3,train
hindi,14,hindi_014,BHSig260-Hindi/BHSig260-Hindi/14/H-S-14-G-04.tif,H-S-14-G-04.tif,1,4,train
hindi,14,hindi_014,BHSig260-Hindi/BHSig260-Hindi/14/H-S-14-G-05.tif,H-S-14-G-05.tif,1,5,train
hindi,14,hindi_014,BHSig260-Hindi/BHSig260-Hindi/14/H-S-14-G-06.tif,H-S-14-G-06.tif,1,6,train
hindi,14,hindi_014,BHSig260-Hindi/BHSig260-Hindi/14/H-S-14-G-07.tif,H-S-14-G-07.tif,1,7,train
hindi,14,hindi_014,BHSig260-Hindi/BHSig260-Hindi/14/H-S-14-G-08.tif,H-S-14-G-08.tif,1,8,train
hindi,14,hindi_014,BHSig260-Hindi/BHSig260-Hindi/14/H-S-14-G-09.tif,H-S-14-G-09.tif,1,9,train
hindi,14,hindi_014,BHSig260-Hindi/BHSig260-Hindi/14/H-S-14-G-10.tif,H-S-14-G-10.tif,1,10,train
hindi,14,hindi_014,BHSig260-Hindi/BHSig260-Hindi/14/H-S-14-F-01.tif,H-S-14-F-01.tif,0,1,train
hindi,14,hindi_014,BHSig260-Hindi/BHSig260-Hindi/14/H-S-14-F-02.tif,H-S-14-F-02.tif,0,2,train
hindi,14,hindi_014,BHSig260-Hindi/BHSig260-Hindi/14/H-S-14-F-03.tif,H-S-14-F-03.tif,0,3,train
hindi,14,hindi_014,BHSig260-Hindi/BHSig260-Hindi/14/H-S-14-F-04.tif,H-S-14-F-04.tif,0,4,train
hindi,14,hindi_014,BHSig260-Hindi/BHSig260-Hindi/14/H-S-14-F-05.tif,H-S-14-F-05.tif,0,5,train
hindi,14,hindi_014,BHSig260-Hindi/BHSig260-Hindi/14/H-S-14-F-06.tif,H-S-14-F-06.tif,0,6,train
hindi,14,hindi_014,BHSig260-Hindi/BHSig260-Hindi/14/H-S-14-F-07.tif,H-S-14-F-07.tif,0,7,train
hindi,14,hindi_014,BHSig260-Hindi/BHSig260-Hindi/14/H-S-14-F-08.tif,H-S-14-F-08.tif,0,8,train
hindi,14,hindi_014,BHSig260-Hindi/BHSig260-Hindi/14/H-S-14-F-09.tif,H-S-14-F-09.tif,0,9,train
hindi,14,hindi_014,BHSig260-Hindi/BHSig260-Hindi/14/H-S-14-F-10.tif,H-S-14-F-10.tif,0,10,train
hindi,17,hindi_017,BHSig260-Hindi/BHSig260-Hindi/17/H-S-017-G-01.tif,H-S-017-G-01.tif,1,1,train
hindi,17,hindi_017,BHSig260-Hindi/BHSig260-Hindi/17/H-S-017-G-02.tif,H-S-017-G-02.tif,1,2,train
hindi,17,hindi_017,BHSig260-Hindi/BHSig260-Hindi/17/H-S-017-G-03.tif,H-S-017-G-03.tif,1,3,train
hindi,17,hindi_017,BHSig260-Hindi/BHSig260-Hindi/17/H-S-017-G-04.tif,H-S-017-G-04.tif,1,4,train
hindi,17,hindi_017,BHSig260-Hindi/BHSig260-Hindi/17/H-S-017-G-05.tif,H-S-017-G-05.tif,1,5,train
hindi,17,hindi_017,BHSig260-Hindi/BHSig260-Hindi/17/H-S-017-G-06.tif,H-S-017-G-06.tif,1,6,train
hindi,17,hindi_017,BHSig260-Hindi/BHSig260-Hindi/17/H-S-017-G-07.tif,H-S-017-G-07.tif,1,7,train
hindi,17,hindi_017,BHSig260-Hindi/BHSig260-Hindi/17/H-S-017-G-08.tif,H-S-017-G-08.tif,1,8,train
hindi,17,hindi_017,BHSig260-Hindi/BHSig260-Hindi/17/H-S-017-G-09.tif,H-S-017-G-09.tif,1,9,train
hindi,17,hindi_017,BHSig260-Hindi/BHSig260-Hindi/17/H-S-017-G-10.tif,H-S-017-G-10.tif,1,10,train
hindi,17,hindi_017,BHSig260-Hindi/BHSig260-Hindi/17/H-S-017-F-01.tif,H-S-017-F-01.tif,0,1,train
hindi,17,hindi_017,BHSig260-Hindi/BHSig260-Hindi/17/H-S-017-F-02.tif,H-S-017-F-02.tif,0,2,train
hindi,17,hindi_017,BHSig260-Hindi/BHSig260-Hindi/17/H-S-017-F-03.tif,H-S-017-F-03.tif,0,3,train
hindi,17,hindi_017,BHSig260-Hindi/BHSig260-Hindi/17/H-S-017-F-04.tif,H-S-017-F-04.tif,0,4,train
hindi,17,hindi_017,BHSig260-Hindi/BHSig260-Hindi/17/H-S-017-F-05.tif,H-S-017-F-05.tif,0,5,train
hindi,17,hindi_017,BHSig260-Hindi/BHSig260-Hindi/17/H-S-017-F-06.tif,H-S-017-F-06.tif,0,6,train
hindi,17,hindi_017,BHSig260-Hindi/BHSig260-Hindi/17/H-S-017-F-07.tif,H-S-017-F-07.tif,0,7,train
hindi,17,hindi_017,BHSig260-Hindi/BHSig260-Hindi/17/H-S-017-F-08.tif,H-S-017-F-08.tif,0,8,train
hindi,17,hindi_017,BHSig260-Hindi/BHSig260-Hindi/17/H-S-017-F-09.tif,H-S-017-F-09.tif,0,9,train
hindi,17,hindi_017,BHSig260-Hindi/BHSig260-Hindi/17/H-S-017-F-10.tif,H-S-017-F-10.tif,0,10,train
hindi,18,hindi_018,BHSig260-Hindi/BHSig260-Hindi/18/H-S-018-G-01.tif,H-S-018-G-01.tif,1,1,train
hindi,18,hindi_018,BHSig260-Hindi/BHSig260-Hindi/18/H-S-018-G-02.tif,H-S-018-G-02.tif,1,2,train
hindi,18,hindi_018,BHSig260-Hindi/BHSig260-Hindi/18/H-S-018-G-03.tif,H-S-018-G-03.tif,1,3,train
hindi,18,hindi_018,BHSig260-Hindi/BHSig260-Hindi/18/H-S-018-G-04.tif,H-S-018-G-04.tif,1,4,train
hindi,18,hindi_018,BHSig260-Hindi/BHSig260-Hindi/18/H-S-018-G-05.tif,H-S-018-G-05.tif,1,5,train
hindi,18,hindi_018,BHSig260-Hindi/BHSig260-Hindi/18/H-S-018-G-06.tif,H-S-018-G-06.tif,1,6,train
hindi,18,hindi_018,BHSig260-Hindi/BHSig260-Hindi/18/H-S-018-G-07.tif,H-S-018-G-07.tif,1,7,train
hindi,18,hindi_018,BHSig260-Hindi/BHSig260-Hindi/18/H-S-018-G-08.tif,H-S-018-G-08.tif,1,8,train
hindi,18,hindi_018,BHSig260-Hindi/BHSig260-Hindi/18/H-S-018-G-09.tif,H-S-018-G-09.tif,1,9,train
hindi,18,hindi_018,BHSig260-Hindi/BHSig260-Hindi/18/H-S-018-G-10.tif,H-S-018-G-10.tif,1,10,train
hindi,18,hindi_018,BHSig260-Hindi/BHSig260-Hindi/18/H-S-018-F-01.tif,H-S-018-F-01.tif,0,1,train
hindi,18,hindi_018,BHSig260-Hindi/BHSig260-Hindi/18/H-S-018-F-02.tif,H-S-018-F-02.tif,0,2,train
hindi,18,hindi_018,BHSig260-Hindi/BHSig260-Hindi/18/H-S-018-F-03.tif,H-S-018-F-03.tif,0,3,train
hindi,18,hindi_018,BHSig260-Hindi/BHSig260-Hindi/18/H-S-018-F-04.tif,H-S-018-F-04.tif,0,4,train
hindi,18,hindi_018,BHSig260-Hindi/BHSig260-Hindi/18/H-S-018-F-05.tif,H-S-018-F-05.tif,0,5,train
hindi,18,hindi_018,BHSig260-Hindi/BHSig260-Hindi/18/H-S-018-F-06.tif,H-S-018-F-06.tif,0,6,train
hindi,18,hindi_018,BHSig260-Hindi/BHSig260-Hindi/18/H-S-018-F-07.tif,H-S-018-F-07.tif,0,7,train
hindi,18,hindi_018,BHSig260-Hindi/BHSig260-Hindi/18/H-S-018-F-08.tif,H-S-018-F-08.tif,0,8,train
hindi,18,hindi_018,BHSig260-Hindi/BHSig260-Hindi/18/H-S-018-F-09.tif,H-S-018-F-09.tif,0,9,train
hindi,18,hindi_018,BHSig260-Hindi/BHSig260-Hindi/18/H-S-018-F-10.tif,H-S-018-F-10.tif,0,10,train
hindi,19,hindi_019,BHSig260-Hindi/BHSig260-Hindi/19/H-S-19-G-01.tif,H-S-19-G-01.tif,1,1,train
hindi,19,hindi_019,BHSig260-Hindi/BHSig260-Hindi/19/H-S-19-G-02.tif,H-S-19-G-02.tif,1,2,train
hindi,19,hindi_019,BHSig260-Hindi/BHSig260-Hindi/19/H-S-19-G-03.tif,H-S-19-G-03.tif,1,3,train
hindi,19,hindi_019,BHSig260-Hindi/BHSig260-Hindi/19/H-S-19-G-04.tif,H-S-19-G-04.tif,1,4,train
hindi,19,hindi_019,BHSig260-Hindi/BHSig260-Hindi/19/H-S-19-G-05.tif,H-S-19-G-05.tif,1,5,train
hindi,19,hindi_019,BHSig260-Hindi/BHSig260-Hindi/19/H-S-19-G-06.tif,H-S-19-G-06.tif,1,6,train
hindi,19,hindi_019,BHSig260-Hindi/BHSig260-Hindi/19/H-S-19-G-07.tif,H-S-19-G-07.tif,1,7,train
hindi,19,hindi_019,BHSig260-Hindi/BHSig260-Hindi/19/H-S-19-G-08.tif,H-S-19-G-08.tif,1,8,train
hindi,19,hindi_019,BHSig260-Hindi/BHSig260-Hindi/19/H-S-19-G-09.tif,H-S-19-G-09.tif,1,9,train
hindi,19,hindi_019,BHSig260-Hindi/BHSig260-Hindi/19/H-S-19-G-10.tif,H-S-19-G-10.tif,1,10,train
hindi,19,hindi_019,BHSig260-Hindi/BHSig260-Hindi/19/H-S-19-F-01.tif,H-S-19-F-01.tif,0,1,train
hindi,19,hindi_019,BHSig260-Hindi/BHSig260-Hindi/19/H-S-19-F-02.tif,H-S-19-F-02.tif,0,2,train
hindi,19,hindi_019,BHSig260-Hindi/BHSig260-Hindi/19/H-S-19-F-03.tif,H-S-19-F-03.tif,0,3,train
hindi,19,hindi_019,BHSig260-Hindi/BHSig260-Hindi/19/H-S-19-F-04.tif,H-S-19-F-04.tif,0,4,train
hindi,19,hindi_019,BHSig260-Hindi/BHSig260-Hindi/19/H-S-19-F-05.tif,H-S-19-F-05.tif,0,5,train
hindi,19,hindi_019,BHSig260-Hindi/BHSig260-Hindi/19/H-S-19-F-06.tif,H-S-19-F-06.tif,0,6,train
hindi,19,hindi_019,BHSig260-Hindi/BHSig260-Hindi/19/H-S-19-F-07.tif,H-S-19-F-07.tif,0,7,train
hindi,19,hindi_019,BHSig260-Hindi/BHSig260-Hindi/19/H-S-19-F-08.tif,H-S-19-F-08.tif,0,8,train
hindi,19,hindi_019,BHSig260-Hindi/BHSig260-Hindi/19/H-S-19-F-09.tif,H-S-19-F-09.tif,0,9,train
hindi,19,hindi_019,BHSig260-Hindi/BHSig260-Hindi/19/H-S-19-F-10.tif,H-S-19-F-10.tif,0,10,train
hindi,20,hindi_020,BHSig260-Hindi/BHSig260-Hindi/20/H-S-20-G-01.tif,H-S-20-G-01.tif,1,1,train
hindi,20,hindi_020,BHSig260-Hindi/BHSig260-Hindi/20/H-S-20-G-02.tif,H-S-20-G-02.tif,1,2,train
hindi,20,hindi_020,BHSig260-Hindi/BHSig260-Hindi/20/H-S-20-G-03.tif,H-S-20-G-03.tif,1,3,train
hindi,20,hindi_020,BHSig260-Hindi/BHSig260-Hindi/20/H-S-20-G-04.tif,H-S-20-G-04.tif,1,4,train
hindi,20,hindi_020,BHSig260-Hindi/BHSig260-Hindi/20/H-S-20-G-05.tif,H-S-20-G-05.tif,1,5,train
hindi,20,hindi_020,BHSig260-Hindi/BHSig260-Hindi/20/H-S-20-G-06.tif,H-S-20-G-06.tif,1,6,train
hindi,20,hindi_020,BHSig260-Hindi/BHSig260-Hindi/20/H-S-20-G-07.tif,H-S-20-G-07.tif,1,7,train
hindi,20,hindi_020,BHSig260-Hindi/BHSig260-Hindi/20/H-S-20-G-08.tif,H-S-20-G-08.tif,1,8,train
hindi,20,hindi_020,BHSig260-Hindi/BHSig260-Hindi/20/H-S-20-G-09.tif,H-S-20-G-09.tif,1,9,train
hindi,20,hindi_020,BHSig260-Hindi/BHSig260-Hindi/20/H-S-20-G-10.tif,H-S-20-G-10.tif,1,10,train
hindi,20,hindi_020,BHSig260-Hindi/BHSig260-Hindi/20/H-S-20-F-01.tif,H-S-20-F-01.tif,0,1,train
hindi,20,hindi_020,BHSig260-Hindi/BHSig260-Hindi/20/H-S-20-F-02.tif,H-S-20-F-02.tif,0,2,train
hindi,20,hindi_020,BHSig260-Hindi/BHSig260-Hindi/20/H-S-20-F-03.tif,H-S-20-F-03.tif,0,3,train
hindi,20,hindi_020,BHSig260-Hindi/BHSig260-Hindi/20/H-S-20-F-04.tif,H-S-20-F-04.tif,0,4,train
hindi,20,hindi_020,BHSig260-Hindi/BHSig260-Hindi/20/H-S-20-F-05.tif,H-S-20-F-05.tif,0,5,train
hindi,20,hindi_020,BHSig260-Hindi/BHSig260-Hindi/20/H-S-20-F-06.tif,H-S-20-F-06.tif,0,6,train
hindi,20,hindi_020,BHSig260-Hindi/BHSig260-Hindi/20/H-S-20-F-07.tif,H-S-20-F-07.tif,0,7,train
hindi,20,hindi_020,BHSig260-Hindi/BHSig260-Hindi/20/H-S-20-F-08.tif,H-S-20-F-08.tif,0,8,train
hindi,20,hindi_020,BHSig260-Hindi/BHSig260-Hindi/20/H-S-20-F-09.tif,H-S-20-F-09.tif,0,9,train
hindi,20,hindi_020,BHSig260-Hindi/BHSig260-Hindi/20/H-S-20-F-10.tif,H-S-20-F-10.tif,0,10,train
bengali,2,bengali_002,BHSig260-Bengali/BHSig260-Bengali/2/B-S-2-G-01.tif,B-S-2-G-01.tif,1,1,val
bengali,2,bengali_002,BHSig260-Bengali/BHSig260-Bengali/2/B-S-2-G-02.tif,B-S-2-G-02.tif,1,2,val
bengali,2,bengali_002,BHSig260-Bengali/BHSig260-Bengali/2/B-S-2-G-03.tif,B-S-2-G-03.tif,1,3,val
bengali,2,bengali_002,BHSig260-Bengali/BHSig260-Bengali/2/B-S-2-G-04.tif,B-S-2-G-04.tif,1,4,val
bengali,2,bengali_002,BHSig260-Bengali/BHSig260-Bengali/2/B-S-2-G-05.tif,B-S-2-G-05.tif,1,5,val
bengali,2,bengali_002,BHSig260-Bengali/BHSig260-Bengali/2/B-S-2-G-06.tif,B-S-2-G-06.tif,1,6,val
bengali,2,bengali_002,BHSig260-Bengali/BHSig260-Bengali/2/B-S-2-G-07.tif,B-S-2-G-07.tif,1,7,val
bengali,2,bengali_002,BHSig260-Bengali/BHSig260-Bengali/2/B-S-2-G-08.tif,B-S-2-G-08.tif,1,8,val
bengali,2,bengali_002,BHSig260-Bengali/BHSig260-Bengali/2/B-S-2-G-09.tif,B-S-2-G-09.tif,1,9,val
bengali,2,bengali_002,BHSig260-Bengali/BHSig260-Bengali/2/B-S-2-G-10.tif,B-S-2-G-10.tif,1,10,val
bengali,2,bengali_002,BHSig260-Bengali/BHSig260-Bengali/2/B-S-2-F-01.tif,B-S-2-F-01.tif,0,1,val
bengali,2,bengali_002,BHSig260-Bengali/BHSig260-Bengali/2/B-S-2-F-02.tif,B-S-2-F-02.tif,0,2,val
bengali,2,bengali_002,BHSig260-Bengali/BHSig260-Bengali/2/B-S-2-F-03.tif,B-S-2-F-03.tif,0,3,val
bengali,2,bengali_002,BHSig260-Bengali/BHSig260-Bengali/2/B-S-2-F-04.tif,B-S-2-F-04.tif,0,4,val
bengali,2,bengali_002,BHSig260-Bengali/BHSig260-Bengali/2/B-S-2-F-05.tif,B-S-2-F-05.tif,0,5,val
bengali,2,bengali_002,BHSig260-Bengali/BHSig260-Bengali/2/B-S-2-F-06.tif,B-S-2-F-06.tif,0,6,val
bengali,2,bengali_002,BHSig260-Bengali/BHSig260-Bengali/2/B-S-2-F-07.tif,B-S-2-F-07.tif,0,7,val
bengali,2,bengali_002,BHSig260-Bengali/BHSig260-Bengali/2/B-S-2-F-08.tif,B-S-2-F-08.tif,0,8,val
bengali,2,bengali_002,BHSig260-Bengali/BHSig260-Bengali/2/B-S-2-F-09.tif,B-S-2-F-09.tif,0,9,val
bengali,2,bengali_002,BHSig260-Bengali/BHSig260-Bengali/2/B-S-2-F-10.tif,B-S-2-F-10.tif,0,10,val
bengali,3,bengali_003,BHSig260-Bengali/BHSig260-Bengali/3/B-S-3-G-01.tif,B-S-3-G-01.tif,1,1,val
bengali,3,bengali_003,BHSig260-Bengali/BHSig260-Bengali/3/B-S-3-G-02.tif,B-S-3-G-02.tif,1,2,val
bengali,3,bengali_003,BHSig260-Bengali/BHSig260-Bengali/3/B-S-3-G-03.tif,B-S-3-G-03.tif,1,3,val
bengali,3,bengali_003,BHSig260-Bengali/BHSig260-Bengali/3/B-S-3-G-04.tif,B-S-3-G-04.tif,1,4,val
bengali,3,bengali_003,BHSig260-Bengali/BHSig260-Bengali/3/B-S-3-G-05.tif,B-S-3-G-05.tif,1,5,val
bengali,3,bengali_003,BHSig260-Bengali/BHSig260-Bengali/3/B-S-3-G-06.tif,B-S-3-G-06.tif,1,6,val
bengali,3,bengali_003,BHSig260-Bengali/BHSig260-Bengali/3/B-S-3-G-07.tif,B-S-3-G-07.tif,1,7,val
bengali,3,bengali_003,BHSig260-Bengali/BHSig260-Bengali/3/B-S-3-G-08.tif,B-S-3-G-08.tif,1,8,val
bengali,3,bengali_003,BHSig260-Bengali/BHSig260-Bengali/3/B-S-3-G-09.tif,B-S-3-G-09.tif,1,9,val
bengali,3,bengali_003,BHSig260-Bengali/BHSig260-Bengali/3/B-S-3-G-10.tif,B-S-3-G-10.tif,1,10,val
bengali,3,bengali_003,BHSig260-Bengali/BHSig260-Bengali/3/B-S-3-F-01.tif,B-S-3-F-01.tif,0,1,val
bengali,3,bengali_003,BHSig260-Bengali/BHSig260-Bengali/3/B-S-3-F-02.tif,B-S-3-F-02.tif,0,2,val
bengali,3,bengali_003,BHSig260-Bengali/BHSig260-Bengali/3/B-S-3-F-03.tif,B-S-3-F-03.tif,0,3,val
bengali,3,bengali_003,BHSig260-Bengali/BHSig260-Bengali/3/B-S-3-F-04.tif,B-S-3-F-04.tif,0,4,val
bengali,3,bengali_003,BHSig260-Bengali/BHSig260-Bengali/3/B-S-3-F-05.tif,B-S-3-F-05.tif,0,5,val
bengali,3,bengali_003,BHSig260-Bengali/BHSig260-Bengali/3/B-S-3-F-06.tif,B-S-3-F-06.tif,0,6,val
bengali,3,bengali_003,BHSig260-Bengali/BHSig260-Bengali/3/B-S-3-F-07.tif,B-S-3-F-07.tif,0,7,val
bengali,3,bengali_003,BHSig260-Bengali/BHSig260-Bengali/3/B-S-3-F-08.tif,B-S-3-F-08.tif,0,8,val
bengali,3,bengali_003,BHSig260-Bengali/BHSig260-Bengali/3/B-S-3-F-09.tif,B-S-3-F-09.tif,0,9,val
bengali,3,bengali_003,BHSig260-Bengali/BHSig260-Bengali/3/B-S-3-F-10.tif,B-S-3-F-10.tif,0,10,val
bengali,12,bengali_012,BHSig260-Bengali/BHSig260-Bengali/12/B-S-12-G-01.tif,B-S-12-G-01.tif,1,1,val
bengali,12,bengali_012,BHSig260-Bengali/BHSig260-Bengali/12/B-S-12-G-02.tif,B-S-12-G-02.tif,1,2,val
bengali,12,bengali_012,BHSig260-Bengali/BHSig260-Bengali/12/B-S-12-G-03.tif,B-S-12-G-03.tif,1,3,val
bengali,12,bengali_012,BHSig260-Bengali/BHSig260-Bengali/12/B-S-12-G-04.tif,B-S-12-G-04.tif,1,4,val
bengali,12,bengali_012,BHSig260-Bengali/BHSig260-Bengali/12/B-S-12-G-05.tif,B-S-12-G-05.tif,1,5,val
bengali,12,bengali_012,BHSig260-Bengali/BHSig260-Bengali/12/B-S-12-G-06.tif,B-S-12-G-06.tif,1,6,val
bengali,12,bengali_012,BHSig260-Bengali/BHSig260-Bengali/12/B-S-12-G-07.tif,B-S-12-G-07.tif,1,7,val
bengali,12,bengali_012,BHSig260-Bengali/BHSig260-Bengali/12/B-S-12-G-08.tif,B-S-12-G-08.tif,1,8,val
bengali,12,bengali_012,BHSig260-Bengali/BHSig260-Bengali/12/B-S-12-G-09.tif,B-S-12-G-09.tif,1,9,val
bengali,12,bengali_012,BHSig260-Bengali/BHSig260-Bengali/12/B-S-12-G-10.tif,B-S-12-G-10.tif,1,10,val
bengali,12,bengali_012,BHSig260-Bengali/BHSig260-Bengali/12/B-S-12-F-01.tif,B-S-12-F-01.tif,0,1,val
bengali,12,bengali_012,BHSig260-Bengali/BHSig260-Bengali/12/B-S-12-F-02.tif,B-S-12-F-02.tif,0,2,val
bengali,12,bengali_012,BHSig260-Bengali/BHSig260-Bengali/12/B-S-12-F-03.tif,B-S-12-F-03.tif,0,3,val
bengali,12,bengali_012,BHSig260-Bengali/BHSig260-Bengali/12/B-S-12-F-04.tif,B-S-12-F-04.tif,0,4,val
bengali,12,bengali_012,BHSig260-Bengali/BHSig260-Bengali/12/B-S-12-F-05.tif,B-S-12-F-05.tif,0,5,val
bengali,12,bengali_012,BHSig260-Bengali/BHSig260-Bengali/12/B-S-12-F-06.tif,B-S-12-F-06.tif,0,6,val
bengali,12,bengali_012,BHSig260-Bengali/BHSig260-Bengali/12/B-S-12-F-07.tif,B-S-12-F-07.tif,0,7,val
bengali,12,bengali_012,BHSig260-Bengali/BHSig260-Bengali/12/B-S-12-F-08.tif,B-S-12-F-08.tif,0,8,val
bengali,12,bengali_012,BHSig260-Bengali/BHSig260-Bengali/12/B-S-12-F-09.tif,B-S-12-F-09.tif,0,9,val
bengali,12,bengali_012,BHSig260-Bengali/BHSig260-Bengali/12/B-S-12-F-10.tif,B-S-12-F-10.tif,0,10,val
bengali,17,bengali_017,BHSig260-Bengali/BHSig260-Bengali/17/B-S-17-G-01.tif,B-S-17-G-01.tif,1,1,val
bengali,17,bengali_017,BHSig260-Bengali/BHSig260-Bengali/17/B-S-17-G-02.tif,B-S-17-G-02.tif,1,2,val
bengali,17,bengali_017,BHSig260-Bengali/BHSig260-Bengali/17/B-S-17-G-03.tif,B-S-17-G-03.tif,1,3,val
bengali,17,bengali_017,BHSig260-Bengali/BHSig260-Bengali/17/B-S-17-G-04.tif,B-S-17-G-04.tif,1,4,val
bengali,17,bengali_017,BHSig260-Bengali/BHSig260-Bengali/17/B-S-17-G-05.tif,B-S-17-G-05.tif,1,5,val
bengali,17,bengali_017,BHSig260-Bengali/BHSig260-Bengali/17/B-S-17-G-06.tif,B-S-17-G-06.tif,1,6,val
bengali,17,bengali_017,BHSig260-Bengali/BHSig260-Bengali/17/B-S-17-G-07.tif,B-S-17-G-07.tif,1,7,val
bengali,17,bengali_017,BHSig260-Bengali/BHSig260-Bengali/17/B-S-17-G-08.tif,B-S-17-G-08.tif,1,8,val
bengali,17,bengali_017,BHSig260-Bengali/BHSig260-Bengali/17/B-S-17-G-09.tif,B-S-17-G-09.tif,1,9,val
bengali,17,bengali_017,BHSig260-Bengali/BHSig260-Bengali/17/B-S-17-G-10.tif,B-S-17-G-10.tif,1,10,val
bengali,17,bengali_017,BHSig260-Bengali/BHSig260-Bengali/17/B-S-17-F-01.tif,B-S-17-F-01.tif,0,1,val
bengali,17,bengali_017,BHSig260-Bengali/BHSig260-Bengali/17/B-S-17-F-02.tif,B-S-17-F-02.tif,0,2,val
bengali,17,bengali_017,BHSig260-Bengali/BHSig260-Bengali/17/B-S-17-F-03.tif,B-S-17-F-03.tif,0,3,val
bengali,17,bengali_017,BHSig260-Bengali/BHSig260-Bengali/17/B-S-17-F-04.tif,B-S-17-F-04.tif,0,4,val
bengali,17,bengali_017,BHSig260-Bengali/BHSig260-Bengali/17/B-S-17-F-05.tif,B-S-17-F-05.tif,0,5,val
bengali,17,bengali_017,BHSig260-Bengali/BHSig260-Bengali/17/B-S-17-F-06.tif,B-S-17-F-06.tif,0,6,val
bengali,17,bengali_017,BHSig260-Bengali/BHSig260-Bengali/17/B-S-17-F-07.tif,B-S-17-F-07.tif,0,7,val
bengali,17,bengali_017,BHSig260-Bengali/BHSig260-Bengali/17/B-S-17-F-08.tif,B-S-17-F-08.tif,0,8,val
bengali,17,bengali_017,BHSig260-Bengali/BHSig260-Bengali/17/B-S-17-F-09.tif,B-S-17-F-09.tif,0,9,val
bengali,17,bengali_017,BHSig260-Bengali/BHSig260-Bengali/17/B-S-17-F-10.tif,B-S-17-F-10.tif,0,10,val
hindi,11,hindi_011,BHSig260-Hindi/BHSig260-Hindi/11/H-S-011-G-01.tif,H-S-011-G-01.tif,1,1,val
hindi,11,hindi_011,BHSig260-Hindi/BHSig260-Hindi/11/H-S-011-G-02.tif,H-S-011-G-02.tif,1,2,val
hindi,11,hindi_011,BHSig260-Hindi/BHSig260-Hindi/11/H-S-011-G-03.tif,H-S-011-G-03.tif,1,3,val
hindi,11,hindi_011,BHSig260-Hindi/BHSig260-Hindi/11/H-S-011-G-04.tif,H-S-011-G-04.tif,1,4,val
hindi,11,hindi_011,BHSig260-Hindi/BHSig260-Hindi/11/H-S-011-G-05.tif,H-S-011-G-05.tif,1,5,val
hindi,11,hindi_011,BHSig260-Hindi/BHSig260-Hindi/11/H-S-011-G-06.tif,H-S-011-G-06.tif,1,6,val
hindi,11,hindi_011,BHSig260-Hindi/BHSig260-Hindi/11/H-S-011-G-07.tif,H-S-011-G-07.tif,1,7,val
hindi,11,hindi_011,BHSig260-Hindi/BHSig260-Hindi/11/H-S-011-G-08.tif,H-S-011-G-08.tif,1,8,val
hindi,11,hindi_011,BHSig260-Hindi/BHSig260-Hindi/11/H-S-011-G-09.tif,H-S-011-G-09.tif,1,9,val
hindi,11,hindi_011,BHSig260-Hindi/BHSig260-Hindi/11/H-S-011-G-10.tif,H-S-011-G-10.tif,1,10,val
hindi,11,hindi_011,BHSig260-Hindi/BHSig260-Hindi/11/H-S-011-F-01.tif,H-S-011-F-01.tif,0,1,val
hindi,11,hindi_011,BHSig260-Hindi/BHSig260-Hindi/11/H-S-011-F-02.tif,H-S-011-F-02.tif,0,2,val
hindi,11,hindi_011,BHSig260-Hindi/BHSig260-Hindi/11/H-S-011-F-03.tif,H-S-011-F-03.tif,0,3,val
hindi,11,hindi_011,BHSig260-Hindi/BHSig260-Hindi/11/H-S-011-F-04.tif,H-S-011-F-04.tif,0,4,val
hindi,11,hindi_011,BHSig260-Hindi/BHSig260-Hindi/11/H-S-011-F-05.tif,H-S-011-F-05.tif,0,5,val
hindi,11,hindi_011,BHSig260-Hindi/BHSig260-Hindi/11/H-S-011-F-06.tif,H-S-011-F-06.tif,0,6,val
hindi,11,hindi_011,BHSig260-Hindi/BHSig260-Hindi/11/H-S-011-F-07.tif,H-S-011-F-07.tif,0,7,val
hindi,11,hindi_011,BHSig260-Hindi/BHSig260-Hindi/11/H-S-011-F-08.tif,H-S-011-F-08.tif,0,8,val
hindi,11,hindi_011,BHSig260-Hindi/BHSig260-Hindi/11/H-S-011-F-09.tif,H-S-011-F-09.tif,0,9,val
hindi,11,hindi_011,BHSig260-Hindi/BHSig260-Hindi/11/H-S-011-F-10.tif,H-S-011-F-10.tif,0,10,val
hindi,12,hindi_012,BHSig260-Hindi/BHSig260-Hindi/12/H-S-12-G-01.tif,H-S-12-G-01.tif,1,1,val
hindi,12,hindi_012,BHSig260-Hindi/BHSig260-Hindi/12/H-S-12-G-02.tif,H-S-12-G-02.tif,1,2,val
hindi,12,hindi_012,BHSig260-Hindi/BHSig260-Hindi/12/H-S-12-G-03.tif,H-S-12-G-03.tif,1,3,val
hindi,12,hindi_012,BHSig260-Hindi/BHSig260-Hindi/12/H-S-12-G-04.tif,H-S-12-G-04.tif,1,4,val
hindi,12,hindi_012,BHSig260-Hindi/BHSig260-Hindi/12/H-S-12-G-05.tif,H-S-12-G-05.tif,1,5,val
hindi,12,hindi_012,BHSig260-Hindi/BHSig260-Hindi/12/H-S-12-G-06.tif,H-S-12-G-06.tif,1,6,val
hindi,12,hindi_012,BHSig260-Hindi/BHSig260-Hindi/12/H-S-12-G-07.tif,H-S-12-G-07.tif,1,7,val
hindi,12,hindi_012,BHSig260-Hindi/BHSig260-Hindi/12/H-S-12-G-08.tif,H-S-12-G-08.tif,1,8,val
hindi,12,hindi_012,BHSig260-Hindi/BHSig260-Hindi/12/H-S-12-G-09.tif,H-S-12-G-09.tif,1,9,val
hindi,12,hindi_012,BHSig260-Hindi/BHSig260-Hindi/12/H-S-12-G-10.tif,H-S-12-G-10.tif,1,10,val
hindi,12,hindi_012,BHSig260-Hindi/BHSig260-Hindi/12/H-S-12-F-01.tif,H-S-12-F-01.tif,0,1,val
hindi,12,hindi_012,BHSig260-Hindi/BHSig260-Hindi/12/H-S-12-F-02.tif,H-S-12-F-02.tif,0,2,val
hindi,12,hindi_012,BHSig260-Hindi/BHSig260-Hindi/12/H-S-12-F-03.tif,H-S-12-F-03.tif,0,3,val
hindi,12,hindi_012,BHSig260-Hindi/BHSig260-Hindi/12/H-S-12-F-04.tif,H-S-12-F-04.tif,0,4,val
hindi,12,hindi_012,BHSig260-Hindi/BHSig260-Hindi/12/H-S-12-F-05.tif,H-S-12-F-05.tif,0,5,val
hindi,12,hindi_012,BHSig260-Hindi/BHSig260-Hindi/12/H-S-12-F-06.tif,H-S-12-F-06.tif,0,6,val
hindi,12,hindi_012,BHSig260-Hindi/BHSig260-Hindi/12/H-S-12-F-07.tif,H-S-12-F-07.tif,0,7,val
hindi,12,hindi_012,BHSig260-Hindi/BHSig260-Hindi/12/H-S-12-F-08.tif,H-S-12-F-08.tif,0,8,val
hindi,12,hindi_012,BHSig260-Hindi/BHSig260-Hindi/12/H-S-12-F-09.tif,H-S-12-F-09.tif,0,9,val
hindi,12,hindi_012,BHSig260-Hindi/BHSig260-Hindi/12/H-S-12-F-10.tif,H-S-12-F-10.tif,0,10,val
hindi,13,hindi_013,BHSig260-Hindi/BHSig260-Hindi/13/H-S-13-G-01.tif,H-S-13-G-01.tif,1,1,val
hindi,13,hindi_013,BHSig260-Hindi/BHSig260-Hindi/13/H-S-13-G-02.tif,H-S-13-G-02.tif,1,2,val
hindi,13,hindi_013,BHSig260-Hindi/BHSig260-Hindi/13/H-S-13-G-03.tif,H-S-13-G-03.tif,1,3,val
hindi,13,hindi_013,BHSig260-Hindi/BHSig260-Hindi/13/H-S-13-G-04.tif,H-S-13-G-04.tif,1,4,val
hindi,13,hindi_013,BHSig260-Hindi/BHSig260-Hindi/13/H-S-13-G-05.tif,H-S-13-G-05.tif,1,5,val
hindi,13,hindi_013,BHSig260-Hindi/BHSig260-Hindi/13/H-S-13-G-06.tif,H-S-13-G-06.tif,1,6,val
hindi,13,hindi_013,BHSig260-Hindi/BHSig260-Hindi/13/H-S-13-G-07.tif,H-S-13-G-07.tif,1,7,val
hindi,13,hindi_013,BHSig260-Hindi/BHSig260-Hindi/13/H-S-13-G-08.tif,H-S-13-G-08.tif,1,8,val
hindi,13,hindi_013,BHSig260-Hindi/BHSig260-Hindi/13/H-S-13-G-09.tif,H-S-13-G-09.tif,1,9,val
hindi,13,hindi_013,BHSig260-Hindi/BHSig260-Hindi/13/H-S-13-G-10.tif,H-S-13-G-10.tif,1,10,val
hindi,13,hindi_013,BHSig260-Hindi/BHSig260-Hindi/13/H-S-13-F-01.tif,H-S-13-F-01.tif,0,1,val
hindi,13,hindi_013,BHSig260-Hindi/BHSig260-Hindi/13/H-S-13-F-02.tif,H-S-13-F-02.tif,0,2,val
hindi,13,hindi_013,BHSig260-Hindi/BHSig260-Hindi/13/H-S-13-F-03.tif,H-S-13-F-03.tif,0,3,val
hindi,13,hindi_013,BHSig260-Hindi/BHSig260-Hindi/13/H-S-13-F-04.tif,H-S-13-F-04.tif,0,4,val
hindi,13,hindi_013,BHSig260-Hindi/BHSig260-Hindi/13/H-S-13-F-05.tif,H-S-13-F-05.tif,0,5,val
hindi,13,hindi_013,BHSig260-Hindi/BHSig260-Hindi/13/H-S-13-F-06.tif,H-S-13-F-06.tif,0,6,val
hindi,13,hindi_013,BHSig260-Hindi/BHSig260-Hindi/13/H-S-13-F-07.tif,H-S-13-F-07.tif,0,7,val
hindi,13,hindi_013,BHSig260-Hindi/BHSig260-Hindi/13/H-S-13-F-08.tif,H-S-13-F-08.tif,0,8,val
hindi,13,hindi_013,BHSig260-Hindi/BHSig260-Hindi/13/H-S-13-F-09.tif,H-S-13-F-09.tif,0,9,val
hindi,13,hindi_013,BHSig260-Hindi/BHSig260-Hindi/13/H-S-13-F-10.tif,H-S-13-F-10.tif,0,10,val
hindi,16,hindi_016,BHSig260-Hindi/BHSig260-Hindi/16/H-S-16-G-01.tif,H-S-16-G-01.tif,1,1,val
hindi,16,hindi_016,BHSig260-Hindi/BHSig260-Hindi/16/H-S-16-G-02.tif,H-S-16-G-02.tif,1,2,val
hindi,16,hindi_016,BHSig260-Hindi/BHSig260-Hindi/16/H-S-16-G-03.tif,H-S-16-G-03.tif,1,3,val
hindi,16,hindi_016,BHSig260-Hindi/BHSig260-Hindi/16/H-S-16-G-04.tif,H-S-16-G-04.tif,1,4,val
hindi,16,hindi_016,BHSig260-Hindi/BHSig260-Hindi/16/H-S-16-G-05.tif,H-S-16-G-05.tif,1,5,val
hindi,16,hindi_016,BHSig260-Hindi/BHSig260-Hindi/16/H-S-16-G-06.tif,H-S-16-G-06.tif,1,6,val
hindi,16,hindi_016,BHSig260-Hindi/BHSig260-Hindi/16/H-S-16-G-07.tif,H-S-16-G-07.tif,1,7,val
hindi,16,hindi_016,BHSig260-Hindi/BHSig260-Hindi/16/H-S-16-G-08.tif,H-S-16-G-08.tif,1,8,val
hindi,16,hindi_016,BHSig260-Hindi/BHSig260-Hindi/16/H-S-16-G-09.tif,H-S-16-G-09.tif,1,9,val
hindi,16,hindi_016,BHSig260-Hindi/BHSig260-Hindi/16/H-S-16-G-10.tif,H-S-16-G-10.tif,1,10,val
hindi,16,hindi_016,BHSig260-Hindi/BHSig260-Hindi/16/H-S-16-F-01.tif,H-S-16-F-01.tif,0,1,val
hindi,16,hindi_016,BHSig260-Hindi/BHSig260-Hindi/16/H-S-16-F-02.tif,H-S-16-F-02.tif,0,2,val
hindi,16,hindi_016,BHSig260-Hindi/BHSig260-Hindi/16/H-S-16-F-03.tif,H-S-16-F-03.tif,0,3,val
hindi,16,hindi_016,BHSig260-Hindi/BHSig260-Hindi/16/H-S-16-F-04.tif,H-S-16-F-04.tif,0,4,val
hindi,16,hindi_016,BHSig260-Hindi/BHSig260-Hindi/16/H-S-16-F-05.tif,H-S-16-F-05.tif,0,5,val
hindi,16,hindi_016,BHSig260-Hindi/BHSig260-Hindi/16/H-S-16-F-06.tif,H-S-16-F-06.tif,0,6,val
hindi,16,hindi_016,BHSig260-Hindi/BHSig260-Hindi/16/H-S-16-F-07.tif,H-S-16-F-07.tif,0,7,val
hindi,16,hindi_016,BHSig260-Hindi/BHSig260-Hindi/16/H-S-16-F-08.tif,H-S-16-F-08.tif,0,8,val
hindi,16,hindi_016,BHSig260-Hindi/BHSig260-Hindi/16/H-S-16-F-09.tif,H-S-16-F-09.tif,0,9,val
hindi,16,hindi_016,BHSig260-Hindi/BHSig260-Hindi/16/H-S-16-F-10.tif,H-S-16-F-10.tif,0,10,val
